,Compound,Date,Negative,Neutral,Positive,Source Account,Text,Tweets Ago
0,0.5106,Mon Jun 25 20:01:30 +0000 2018,0.677,0.0,0.323,@BBCWorld,Trump to Waters: 'Be careful what you wish for Max' https://t.co/XlyOeoiCGf,1
1,-0.204,Mon Jun 25 20:01:30 +0000 2018,0.586,0.262,0.152,@BBCWorld,"RT @BBCSport: FULL TIME: #IRN 1-1 #POR.

An absolutely remarkable game. Ansarifard's controversial late penalty cancels out Ricardo Quaresmâ€¦",2
2,0.0,Mon Jun 25 20:00:19 +0000 2018,1.0,0.0,0.0,@BBCWorld,An extraordinary denouement to Group B https://t.co/z9oTdgUMW0,3
3,0.6114,Mon Jun 25 19:56:35 +0000 2018,0.815,0.0,0.185,@BBCWorld,"RT @BBCSport: FT: #ESP 2-2 #MAR 

Dramatic finish! Iago Aspas' classy flick has sealed a point - and Spain's place at the top of Group B (fâ€¦",4
4,-0.7074,Mon Jun 25 19:53:36 +0000 2018,0.708,0.236,0.055,@BBCWorld,"RT @BBCSport: GOAL! Iran 1-1 Portugal. 

Ansarifard makes no mistake from the spot! Right in the top corner. No saving that!

ðŸ–¥ @BBCOne
ðŸ’» hâ€¦",5
5,0.0,Mon Jun 25 19:51:22 +0000 2018,1.0,0.0,0.0,@BBCWorld,"RT @BBCSport: GOAL!

Iago Aspas initially had a cheeky flick ruled out for offside... but VAR has changed everything! 

#ESP 2-2 #MAR 

Livâ€¦",6
6,0.0,Mon Jun 25 19:43:53 +0000 2018,1.0,0.0,0.0,@BBCWorld,"RT @BBCSport: GOAL!

Drama!

Youssef En-Nesyri nods Morocco into the lead!

#ESP 1-2 #MAR

Live: https://t.co/AXu6R7tBE7 #WorldCup #bbcworlâ€¦",7
7,-0.128,Mon Jun 25 19:37:54 +0000 2018,0.842,0.158,0.0,@BBCWorld,Argentina strike against austerity brings country to a halt https://t.co/WoGXdKTI9s,8
8,-0.555,Mon Jun 25 18:46:23 +0000 2018,0.865,0.135,0.0,@BBCWorld,"RT @BBCSport: GOAL! Iran 0-1 Portugal. 

A moment of magic just before the break! Outside of the right foot from outside the penalty area fâ€¦",9
9,-0.4588,Mon Jun 25 18:40:45 +0000 2018,0.727,0.273,0.0,@BBCWorld,Tourists banned from Malaysia mosque after provocative dance https://t.co/BLRqWwof3Z,10
10,0.0,Mon Jun 25 18:26:18 +0000 2018,1.0,0.0,0.0,@BBCWorld,"RT @BBCSport: GOAL!

That didn't last long! 

Spain work their way through and Isco rifles into the roof of the net.

#ESP 1-1 #MAR 

ðŸ“º @BBâ€¦",11
11,0.0,Mon Jun 25 18:17:46 +0000 2018,1.0,0.0,0.0,@BBCWorld,"RT @BBCSport: GOAL!

Khalid Boutaib slots in the opener!

Grab the popcorn...

#ESP 0-1 #MAR 

ðŸ“º @BBCFOUR
ðŸ“± https://t.co/AXu6R7tBE7 

#Worlâ€¦",12
12,-0.6486,Mon Jun 25 18:05:28 +0000 2018,0.65,0.35,0.0,@BBCWorld,California scientist shot dead while camping with daughters https://t.co/bSSixkPYAu,13
13,-0.5994,Mon Jun 25 17:43:12 +0000 2018,0.83,0.17,0.0,@BBCWorld,"RT @BBCSport: The Egyptian FA says there's ""no problem"" between it and Mo Salah, amid reports their star player could be set to quit the naâ€¦",14
14,-0.4588,Mon Jun 25 17:35:02 +0000 2018,0.7,0.3,0.0,@BBCWorld,Venezuela vice-president Delcy RodrÃ­guez banned from EU https://t.co/cYILX6Fz3d,15
15,-0.4585,Mon Jun 25 17:32:35 +0000 2018,0.769,0.231,0.0,@BBCWorld,World Cup 2018: The dos and don'ts of celebrating a goal https://t.co/2pqi4aYuOB,16
16,-0.3612,Mon Jun 25 17:02:14 +0000 2018,0.762,0.238,0.0,@BBCWorld,Chinese villagers give up coffins in funeral reform https://t.co/fuTawHJfAI,17
17,0.0,Mon Jun 25 16:57:11 +0000 2018,1.0,0.0,0.0,@BBCWorld,Pentagon: Two military bases to house migrants https://t.co/w9lmbULusb,18
18,0.0,Mon Jun 25 16:46:53 +0000 2018,1.0,0.0,0.0,@BBCWorld,David Goldblatt: South Africa's chronicler of life under apartheid https://t.co/qq8ELyRbzd,19
19,-0.128,Mon Jun 25 16:30:22 +0000 2018,0.545,0.242,0.212,@BBCWorld,Laura Ingalls Wilder removed from book award over racist language https://t.co/1hz365U2mO,20
20,-0.7906,Mon Jun 25 16:17:51 +0000 2018,0.533,0.467,0.0,@BBCWorld,Zimbabwe Bulawayo blast: Two die after attack on Mnangagwa https://t.co/aXrJ3tNFdp,21
21,0.0,Mon Jun 25 16:14:37 +0000 2018,1.0,0.0,0.0,@BBCWorld,"RT @BBCSport: And it's the last kick of the game!

FT: #KSA 2-1 #EGY 

Reaction: https://t.co/hQb3Q8e3rX #bbcworldcup #WorldCup #KSAEGY httâ€¦",22
22,-0.4019,Mon Jun 25 16:04:22 +0000 2018,0.787,0.213,0.0,@BBCWorld,Iran fans try to disturb Portugal team before key match https://t.co/ngQPLsPUBl,23
23,0.7579,Mon Jun 25 15:55:38 +0000 2018,0.737,0.0,0.263,@BBCWorld,"RT @BBCSport: Full time: Uruguay 3-0 Russia. 

#URU top the group after an impressive display to beat the hosts. They will play the runner-â€¦",24
24,0.2695,Mon Jun 25 15:52:37 +0000 2018,0.77,0.093,0.137,@BBCWorld,"RT @BBCSport: GOAL! Uruguay 3-0 Russia. 

There's another! Edinson Cavani pounces on a loose ball after Diego Godin's header was saved. Thaâ€¦",25
25,-0.7351,Mon Jun 25 15:49:10 +0000 2018,0.563,0.437,0.0,@BBCWorld,Le Marais man jailed for sexually abusing four girls https://t.co/cqhIaNDu1C,26
26,0.0,Mon Jun 25 15:44:16 +0000 2018,1.0,0.0,0.0,@BBCWorld,Germany burkinis: Minister says garments should be allowed in schools https://t.co/jt8UrjKZYc,27
27,0.4939,Mon Jun 25 15:24:01 +0000 2018,0.738,0.0,0.262,@BBCWorld,Phillip Hancock: Rare foreign organ donor praised in China https://t.co/hcEzAhnUNL,28
28,-0.4404,Mon Jun 25 15:16:15 +0000 2018,0.756,0.244,0.0,@BBCWorld,Former Nato chief Javier Solana denied US visa waiver https://t.co/9sL4artMKx,29
29,0.0,Mon Jun 25 15:01:23 +0000 2018,1.0,0.0,0.0,@BBCWorld,Turkey country profile https://t.co/xoERzuQNDb,30
30,-0.1007,Mon Jun 25 14:54:34 +0000 2018,0.764,0.126,0.111,@BBCWorld,"RT @BBCSport: GOAL!

Another penalty for Saudi Arabia, and this time it's converted thanks to Salman Al-Faraj. 

#KSA 1-1 #EGY 

#KSAEGY liâ€¦",31
31,0.2714,Mon Jun 25 14:46:00 +0000 2018,0.738,0.111,0.151,@BBCWorld,"RT @BBCSport: What a moment!

Essam El-Hadary, on the day he becomes the oldest ever #WorldCup player, has pulled off a brilliant penalty sâ€¦",32
32,0.555,Mon Jun 25 14:31:49 +0000 2018,0.86,0.0,0.14,@BBCWorld,"RT @BBCSport: GOAL!

That's the Mo Salah we know!

He gives Egypt the lead with a clever chip.

#KSA 0-1 #EGY 

#KSAEGY live: https://t.co/â€¦",33
33,0.1759,Mon Jun 25 14:26:37 +0000 2018,0.937,0.0,0.063,@BBCWorld,"RT @BBCSport: GOAL! Uruguay 2-0 Russia. 

The corner is cleared as far as Diego Laxalt who fires it back in. It gets a big deflection and fâ€¦",34
34,-0.6588,Mon Jun 25 14:12:13 +0000 2018,0.803,0.197,0.0,@BBCWorld,"RT @BBCSport: GOAL! Uruguay 1-0 Russia. 

Luis Suarez rifles home a low free-kick from just outside the penalty area to give his side the lâ€¦",35
35,0.7351,Mon Jun 25 14:07:45 +0000 2018,0.721,0.0,0.279,@BBCWorld,"RT @BBCSport: Pride is at stake...

Who's ending their #WorldCup campaign with a win?

#KSAEGY live: https://t.co/hQb3Q8e3rX #bbcworldcup hâ€¦",36
36,0.0,Mon Jun 25 14:07:38 +0000 2018,1.0,0.0,0.0,@BBCWorld,"RT @BBCSport: Underway between #URU and #RUS. 
Follow live here â¬‡
https://t.co/2sTrPAkX1Y
#bbcworldcup #worldcup #URU #RUS #URURUS https://â€¦",37
37,-0.34,Mon Jun 25 13:19:00 +0000 2018,0.806,0.194,0.0,@BBCWorld,Rotterdam oil spill: Hundreds of birds hit after Dutch leak https://t.co/gWYfwfIquI,38
38,0.7579,Mon Jun 25 12:23:15 +0000 2018,0.764,0.0,0.236,@BBCWorld,"RT @BBCSteveR: Weâ€™re in Samara for Russia v Uruguay. After 2 wins out of 2, the Russians are hoping their #WorldCup  will be a launchpad toâ€¦",39
39,0.2732,Mon Jun 25 12:09:32 +0000 2018,0.55,0.174,0.275,@BBCWorld,Iran economic protests shut Tehran's Grand Bazaar https://t.co/pb1kNKmFl5,40
40,0.5859,Mon Jun 25 11:48:04 +0000 2018,0.703,0.0,0.297,@BBCWorld,Turkey election: Erdogan win ushers in new presidential era https://t.co/kb3tct0yxt,41
41,-0.4019,Mon Jun 25 11:05:56 +0000 2018,0.748,0.252,0.0,@BBCWorld,Dublin church: Seven injured as car hits pedestrians https://t.co/DNu8vPz9v1,42
42,-0.4939,Mon Jun 25 10:00:34 +0000 2018,0.714,0.286,0.0,@BBCWorld,Nigerian music star D'banj's son 'drowns at home' https://t.co/Lapq4B7NHw,43
43,0.0,Mon Jun 25 09:50:58 +0000 2018,1.0,0.0,0.0,@BBCWorld,"A pitch invader with a difference 

https://t.co/nhWG8stRZR https://t.co/FKjkR5i32s",44
44,0.0,Mon Jun 25 09:48:34 +0000 2018,1.0,0.0,0.0,@BBCWorld,Turkey election: Country's heart split over Erdogan victory https://t.co/gNwftmz3Ag,45
45,-0.5267,Mon Jun 25 08:51:47 +0000 2018,0.726,0.274,0.0,@BBCWorld,Authorities search for football team trapped in Thai cave https://t.co/xVAjCuqKmg,46
46,0.0,Mon Jun 25 07:56:24 +0000 2018,1.0,0.0,0.0,@BBCWorld,"Turkey election: What does the result mean? 

https://t.co/5JfYNbXTIE https://t.co/v2CN2i1EIN",47
47,0.5719,Mon Jun 25 07:35:13 +0000 2018,0.709,0.0,0.291,@BBCWorld,"Turkey reacts after Erdogan wins re-election as president 

https://t.co/89mvsBAQ0W https://t.co/HoAAVx6oHv",48
48,0.5267,Mon Jun 25 07:31:44 +0000 2018,0.56,0.152,0.288,@BBCWorld,"Meet the dogs that competed for the World's Ugliest Dog prize

(...they're all beautiful to us)â€¦ https://t.co/hBorGjGG8w",49
49,-0.7351,Mon Jun 25 07:11:47 +0000 2018,0.446,0.554,0.0,@BBCWorld,Roseanne Barr regrets becoming 'hate magnet' https://t.co/3Cjaqxw9Xp,50
50,0.0,Mon Jun 25 05:21:57 +0000 2018,1.0,0.0,0.0,@BBCWorld,Pope's Ireland visit: Tickets to be released https://t.co/sUlvRl7Zyb,51
51,-0.7269,Mon Jun 25 00:41:27 +0000 2018,0.534,0.466,0.0,@BBCWorld,Doctor on trial over Spain 'stolen babies' scandal https://t.co/9729DVdwpK,52
52,0.5267,Mon Jun 25 00:39:00 +0000 2018,0.574,0.115,0.311,@BBCWorld,Police geeks trying to win over old-school cops https://t.co/7dXpf7HGUv,53
53,0.0,Mon Jun 25 00:36:20 +0000 2018,1.0,0.0,0.0,@BBCWorld,The Indian actresses caught in a US 'prostitution' racket https://t.co/tWakspJv01,54
54,0.0,Mon Jun 25 00:33:38 +0000 2018,1.0,0.0,0.0,@BBCWorld,Burning Cameroon: Images you're not meant to see https://t.co/iy9pAixaaH,55
55,-0.8126,Mon Jun 25 00:18:45 +0000 2018,0.486,0.514,0.0,@BBCWorld,Mexico town's entire police force detained after murder https://t.co/uhOaVb09NH,56
56,-0.8074,Sun Jun 24 23:54:41 +0000 2018,0.523,0.477,0.0,@BBCWorld,Clashes in Nigeria between farmers and herders kill 86 https://t.co/7ssM9oZaN7,57
57,0.0,Sun Jun 24 19:17:37 +0000 2018,1.0,0.0,0.0,@BBCWorld,Trump calls for deportations without judicial process https://t.co/Nl5nkeES6S,58
58,-0.3612,Sun Jun 24 18:55:57 +0000 2018,0.667,0.333,0.0,@BBCWorld,Europe migrants: Italy warns Schengen is 'at risk' https://t.co/RCO71FM9fr,59
59,-0.6705,Sun Jun 24 17:44:07 +0000 2018,0.64,0.36,0.0,@BBCWorld,Mali Fula villagers were killed 'in cold blood' https://t.co/AfcHoefUVO,60
60,0.4588,Sun Jun 24 17:02:54 +0000 2018,0.769,0.0,0.231,@BBCWorld,Event in Dublin for 60 years of UN peacekeeping missions https://t.co/6w3nloDc5Q,61
61,-0.7906,Sun Jun 24 16:48:00 +0000 2018,0.533,0.467,0.0,@BBCWorld,A juvenile male has been arrested over Tallaght Park death https://t.co/qLTGyf7inE,62
62,-0.3802,Sun Jun 24 16:43:57 +0000 2018,0.874,0.126,0.0,@BBCWorld,"RT @bbctennis: Heâ€™s done it!

Cilic defeats Djokovic 5-7, 7-6, 6-3.

Watch on @BBCTwo or hereðŸ‘‡
https://t.co/jUcUW6L31r
#bbctennis #QueensTeâ€¦",63
63,0.0,Sun Jun 24 15:54:59 +0000 2018,1.0,0.0,0.0,@BBCWorld,Erdogan leads after early results in Turkey https://t.co/3ywfCK7u0H,64
64,0.0,Sun Jun 24 15:22:40 +0000 2018,1.0,0.0,0.0,@BBCWorld,"Lava from Hawaii's Kilauea volcano creeps closer to more homes ðŸŒ‹

https://t.co/DX4aFQwOaH https://t.co/HRp05YBuHy",65
65,0.4574,Sun Jun 24 13:53:17 +0000 2018,0.893,0.0,0.107,@BBCWorld,"RT @BBCSport: FT #ENG 6-1 #PAN 

Kane âš½âš½âš½
Stones âš½âš½
Lingard âš½

Qualification secured! âœ…

ðŸ“º @BBCOne 
ðŸ“» @5liveSport 
ðŸ“± https://t.co/ByebdqU7Yâ€¦",66
66,0.0,Sun Jun 24 13:38:10 +0000 2018,1.0,0.0,0.0,@BBCWorld,"RT @BBCSport: GOAL! #ENG 6-1 #PAN 

Comeback on?

Baloy gets on the end of a free-kick. The Panama fans go wild!

ðŸ“º @BBCOne 
ðŸ“» @5liveSportâ€¦",67
67,0.0,Sun Jun 24 13:36:20 +0000 2018,1.0,0.0,0.0,@BBCWorld,"RT @bbcf1: Moment of history for Saudi Arabia's women at today's  #FrenchGP 

Aseel Al-Hamad will drive a Lotus Renault E20 on a lap of theâ€¦",68
68,0.0,Sun Jun 24 13:21:38 +0000 2018,1.0,0.0,0.0,@BBCWorld,"RT @BBCSport: GOAL! #ENG 6-0 #PAN 

Hat-trick for Harry Kane!

He's the leading #WorldCup goalscorer now on five goals!

ðŸ“º @BBCOne 
ðŸ“» @5livâ€¦",69
69,0.0,Sun Jun 24 12:45:55 +0000 2018,1.0,0.0,0.0,@BBCWorld,"RT @BBCSport: GOAL! #ENG 5-0 #PAN 

It's coming home.

ðŸ“º @BBCOne 
ðŸ“» @5liveSport 
ðŸ“± https://t.co/ByebdqU7Yx

#WorldCup #ENGPAN #bbcworldcupâ€¦",70
70,0.3578,Sun Jun 24 12:42:22 +0000 2018,0.894,0.0,0.106,@BBCWorld,"RT @BBCSport: GOAL! #ENG 4-0 #PAN 

Okay.

John Stones grabs his second - England are cruising!

ðŸ“º @BBCOne 
ðŸ“» @5liveSport 
ðŸ“± https://t.co/Bâ€¦",71
71,0.7762,Sun Jun 24 12:36:38 +0000 2018,0.747,0.0,0.253,@BBCWorld,"RT @BBCSport: GOAL! #ENG 3-0 #PAN 

Jesse Lingard!!

He curls a beauty into the top corner. Dreamland for England!

ðŸ“º @BBCOne 
ðŸ“» @5liveSporâ€¦",72
72,0.0,Sun Jun 24 12:23:45 +0000 2018,1.0,0.0,0.0,@BBCWorld,"RT @BBCSport: GOAL! #ENG 2-0 #PAN 

Harry Kane converts from the spot - his third goal of the #WorldCup 

ðŸ“º @BBCOne 
ðŸ“» @5liveSport 
ðŸ“± httpsâ€¦",73
73,-0.8126,Sun Jun 24 12:17:52 +0000 2018,0.448,0.552,0.0,@BBCWorld,Ukraine Roma camp attack leaves one dead https://t.co/PlwCBL9CYV,74
74,0.0,Sun Jun 24 12:09:06 +0000 2018,1.0,0.0,0.0,@BBCWorld,"RT @BBCSport: GOAL! #ENG 1-0 #PAN 

What a start! 

John Stones with a bullet header from a corner.

ðŸ“º @BBCOne 
ðŸ“» @5liveSport 
ðŸ“± https://t.â€¦",75
75,0.0,Sun Jun 24 12:00:45 +0000 2018,1.0,0.0,0.0,@BBCWorld,"RT @BBCSport: #ENG v #PAN is under way!

ðŸ“º @BBCOne 
ðŸ“» @5liveSport 
ðŸ“± https://t.co/ByebdqU7Yx

#WorldCup #ENGPAN #bbcworldcup https://t.co/râ€¦",76
76,0.0,Sun Jun 24 10:32:17 +0000 2018,1.0,0.0,0.0,@BBCWorld,Zimbabwe election to 'to go ahead as planned' after blast https://t.co/bSUek02iOJ,77
77,0.2942,Sun Jun 24 10:23:22 +0000 2018,0.886,0.0,0.114,@BBCWorld,"""At last!""

Saudi Arabia becomes the last country in the world to allow women to drive. https://t.co/vfOqNTBk9o https://t.co/NmsTDXIGvr",78
78,0.0,Sun Jun 24 10:23:11 +0000 2018,1.0,0.0,0.0,@BBCWorld,Germany building explosion injures 25 https://t.co/K6Ddvz6RcE,79
79,0.0,Sun Jun 24 09:09:03 +0000 2018,1.0,0.0,0.0,@BBCWorld,"Han Solo 'blaster' fetches $550,000 in New York https://t.co/sIVep26sTx",80
80,0.0,Sun Jun 24 08:42:41 +0000 2018,1.0,0.0,0.0,@BBCWorld,A woman takes the wheel in Saudi Arabia https://t.co/9OvRr1sRE9,81
81,0.0,Sun Jun 24 08:22:53 +0000 2018,1.0,0.0,0.0,@BBCWorld,RT @BBCSport: Fifa has opened an investigation into Granit Xhaka and Xherdan Shaqiri's goal celebrations during Switzerland's World Cup vicâ€¦,82
82,0.6369,Sun Jun 24 08:13:42 +0000 2018,0.781,0.0,0.219,@BBCWorld,"RT @BBCSteveR: From (World Cup) Russia with Love:  Marx, Putin, pigeons &amp; a piano accompaniment. #WorldCup https://t.co/xwOgMeNlf2",83
83,0.0,Sun Jun 24 07:44:41 +0000 2018,1.0,0.0,0.0,@BBCWorld,"New Zealand's PM reveals her daughter's name as she leaves hospital in Auckland ðŸ‘¶ðŸ‡³ðŸ‡¿

https://t.co/5E751apfOg https://t.co/Zt70QyeRZz",84
84,0.0,Sun Jun 24 06:28:30 +0000 2018,1.0,0.0,0.0,@BBCWorld,Woman 'humiliated' by Walgreens over drugs to end pregnancy https://t.co/lPc86Eo2yL,85
85,-0.7506,Sun Jun 24 05:27:48 +0000 2018,0.484,0.516,0.0,@BBCWorld,Nicaragua protests: Baby killed in Managua clashes https://t.co/ks17QgywFj,86
86,0.0,Sun Jun 24 02:59:56 +0000 2018,1.0,0.0,0.0,@BBCWorld,Turkey election: Erdogan seeks second term in hard-fought contest https://t.co/ICViy1WcdF,87
87,0.5106,Sun Jun 24 01:36:26 +0000 2018,0.708,0.0,0.292,@BBCWorld,100 Women: 'Signing a gagging clause set me free' https://t.co/y59xOTGNwE,88
88,-0.5574,Sun Jun 24 01:14:34 +0000 2018,0.714,0.286,0.0,@BBCWorld,What impact has Donald Trump had on illegal immigration? https://t.co/oN2Vtp7P6w,89
89,0.0,Sun Jun 24 01:12:13 +0000 2018,1.0,0.0,0.0,@BBCWorld,Kenya's 'contaminated sugar' row: What we know https://t.co/iA6N3Hqf2j,90
90,0.0258,Sun Jun 24 01:09:49 +0000 2018,0.879,0.0,0.121,@BBCWorld,Europe migrants: Can the EU reach a new deal? https://t.co/Fr8VLF8lsN,91
91,0.0,Sun Jun 24 01:07:22 +0000 2018,1.0,0.0,0.0,@BBCWorld,How many words do you need to speak a language? https://t.co/LvDicLxGx2,92
92,-0.4404,Sun Jun 24 00:48:40 +0000 2018,0.573,0.274,0.153,@BBCWorld,"Obituary: Suman Virk, the mother who forgave her daughter's killer https://t.co/E52qPUTM0Z",93
93,-0.4019,Sat Jun 23 22:18:54 +0000 2018,0.722,0.278,0.0,@BBCWorld,French jogger detained after crossing US-Canada border https://t.co/Gj3FN7G9nK,94
94,0.0,Sat Jun 23 21:25:25 +0000 2018,1.0,0.0,0.0,@BBCWorld,Sarah Sanders kicked out of restaurant because of work for Trump https://t.co/fs910TE1Lw,95
95,-0.296,Sat Jun 23 21:22:40 +0000 2018,0.738,0.262,0.0,@BBCWorld,Vatican ex-diplomat sentenced to five years on child pornography charges https://t.co/zoiMSAo7o7,96
96,-0.128,Sat Jun 23 17:22:19 +0000 2018,0.927,0.073,0.0,@BBCWorld,"RT @BBCNews: Thousands of people marched through central London to demand a vote on any final #Brexit deal ðŸ‡¬ðŸ‡§ðŸ‡ªðŸ‡º

https://t.co/35XqTjiYfN htâ€¦",97
97,-0.296,Sat Jun 23 16:37:02 +0000 2018,0.761,0.239,0.0,@BBCWorld,Boru: Golden eagle missing in Monaghan returns https://t.co/6iRTsOqSXE,98
98,0.34,Sat Jun 23 15:32:04 +0000 2018,0.606,0.144,0.25,@BBCWorld,Italy migrant row: Malta defiant over stranded rescue boat https://t.co/Mw4jrRT7ic,99
99,-0.7184,Sat Jun 23 14:17:31 +0000 2018,0.75,0.25,0.0,@BBCWorld,Thousands of gallons of crude oil has leaked into a US river after a train came off the tracks in Iowaâ€¦ https://t.co/wRUuERvQje,100
100,0.0,Mon Jun 25 21:03:18 +0000 2018,1.0,0.0,0.0,@CBSNews,"NEW TIME: @CBSNews' politics show ""Red &amp; Blue"" streams at 5 p.m. ET on CBSN.

Watch now: https://t.co/P7G5YsDifE https://t.co/oK16SpcMw3",1
101,0.8074,Mon Jun 25 20:59:59 +0000 2018,0.57,0.0,0.43,@CBSNews,"WATCH: This ""beary"" impressive cub bravely climbed a ladder to escape a basement in Wisconsin.â€¦ https://t.co/Se5g0VfBr0",2
102,0.4939,Mon Jun 25 20:40:45 +0000 2018,0.824,0.0,0.176,@CBSNews,"World Cup players fined $10,000 for making hand gestures during Switzerland vs. Serbia game https://t.co/D8zlISNW5l https://t.co/Vfyqn82Cdy",3
103,-0.5574,Mon Jun 25 20:30:03 +0000 2018,0.795,0.205,0.0,@CBSNews,"Today marks nine years since the King of Pop died.

R.I.P. Michael Jackson. https://t.co/KlxnYWFAdP https://t.co/itnve2y6k5",4
104,-0.5574,Mon Jun 25 20:23:30 +0000 2018,0.841,0.159,0.0,@CBSNews,Saudi Arabia's ban on female drivers has officially ended and women are zooming right into a new career behind theâ€¦ https://t.co/dAHt3YhkOy,5
105,0.34,Mon Jun 25 20:15:59 +0000 2018,0.882,0.0,0.118,@CBSNews,"Sanders on family separation policy: ""We consider enforcing the law the role the administration has to play. Certaiâ€¦ https://t.co/3xX1XjTBI7",6
106,0.3818,Mon Jun 25 20:09:12 +0000 2018,0.841,0.0,0.159,@CBSNews,"""Sure I was responding to a number of news stories. It was considered news of the day, so I responded the way I wouâ€¦ https://t.co/kYD0TohFMk",7
107,-0.5859,Mon Jun 25 20:07:39 +0000 2018,0.649,0.248,0.103,@CBSNews,"""Again, the EU is trying to punish U.S. workers because they have engaged repeatedly in unfair trade practices andâ€¦ https://t.co/m4olTqTGj8",8
108,0.3818,Mon Jun 25 20:04:15 +0000 2018,0.88,0.0,0.12,@CBSNews,"""Just because you don't see a judge doesn't mean you aren't receiving due process. The president is focused on secuâ€¦ https://t.co/tANZVerxZ7",9
109,0.0,Mon Jun 25 20:01:05 +0000 2018,1.0,0.0,0.0,@CBSNews,"WATCH NOW: White House Press Secretary Sarah Sanders addresses removal from Virginia restaurant, says ""calls for haâ€¦ https://t.co/04rNzmQXfp",10
110,0.7845,Mon Jun 25 19:59:48 +0000 2018,0.723,0.0,0.277,@CBSNews,FIFA has fined two Switzerland players for making hand gestures of an Albanian national symbol to celebrate World Câ€¦ https://t.co/AHuln2ZJ8H,11
111,-0.1531,Mon Jun 25 19:44:38 +0000 2018,0.583,0.221,0.196,@CBSNews,"In a procession on Monday that was equal parts funeral and demonstration, mourners carried signs honoring Antwon Roâ€¦ https://t.co/YhEi47U6We",12
112,0.6249,Mon Jun 25 19:29:37 +0000 2018,0.733,0.0,0.267,@CBSNews,"In a milestone for medical marijuana products, the FDA granted federal approval for a prescription epilepsy medicatâ€¦ https://t.co/LPJMmexgJn",13
113,-0.7506,Mon Jun 25 19:14:54 +0000 2018,0.701,0.299,0.0,@CBSNews,Police have made arrests in connection with last week's fatal stabbing of 15-year-old Lesandro Guzman-Ortiz outsideâ€¦ https://t.co/rUQUr1VTRf,14
114,0.4404,Mon Jun 25 19:00:24 +0000 2018,0.868,0.0,0.132,@CBSNews,WATCH: World Cup fans for Senegal and Japan sing together after tied game -- proving good sportsmanship is strongerâ€¦ https://t.co/ct13Y3Of91,15
115,-0.296,Mon Jun 25 18:44:35 +0000 2018,0.885,0.115,0.0,@CBSNews,An Arizona pharmacist refused to fill a doctor ordered prescription to end a pregnancy that would result in a stillâ€¦ https://t.co/ufCsuBt6wH,16
116,0.743,Mon Jun 25 18:31:01 +0000 2018,0.777,0.0,0.223,@CBSNews,"Trump on Middle East peace plan: ""A lot of progress has been made in the Middle East, a lot. It started with the enâ€¦ https://t.co/CzGZNSq0is",17
117,0.6453,Mon Jun 25 18:27:51 +0000 2018,0.837,0.0,0.163,@CBSNews,"""I was very, very happy that I signed that. And it also -- it shows, you know, we're all talking about humanity,"" Pâ€¦ https://t.co/016AUprvHA",18
118,-0.1531,Mon Jun 25 18:25:26 +0000 2018,0.926,0.074,0.0,@CBSNews,"It's official: Toys ""R"" Us will close the last of its stores this Friday. Millennials ""R"" going to miss youâ€¦ https://t.co/dLat7dIZM4",19
119,0.0,Mon Jun 25 18:23:47 +0000 2018,1.0,0.0,0.0,@CBSNews,MOMENTS AGO: Pres. Trump meets with the king and queen of Jordan in the Oval Office as the administration preparesâ€¦ https://t.co/rvcGChxxC7,20
120,0.296,Mon Jun 25 18:10:20 +0000 2018,0.905,0.0,0.095,@CBSNews,"In Florida, chickens don't cross the road, alligators do. This gator had two women helping it cross the road when iâ€¦ https://t.co/L0jowoXltY",21
121,-0.34,Mon Jun 25 17:54:42 +0000 2018,0.882,0.118,0.0,@CBSNews,Gun industry leaders are seeking additional protection in Congress as they continue to find the cold shoulder throuâ€¦ https://t.co/9aIF7i9HUH,22
122,-0.2263,Mon Jun 25 17:39:42 +0000 2018,0.775,0.225,0.0,@CBSNews,"Rattlesnakes could be lurking in your pool noodles, officials warn https://t.co/fkIToO1sk9 https://t.co/L8T5Hp0vEk",23
123,0.0516,Mon Jun 25 17:24:53 +0000 2018,0.776,0.108,0.116,@CBSNews,"""A teacher to the end"" makes final request for her own funeral, as a way to help students in needâ€¦ https://t.co/z3obhrXcPF",24
124,0.0,Mon Jun 25 17:09:31 +0000 2018,1.0,0.0,0.0,@CBSNews,President Trump's steel tariff â€” essentially a 25 percent tax â€” may backfire on the very people the president is aiâ€¦ https://t.co/oDNwnUbXpE,25
125,-0.7184,Mon Jun 25 16:54:38 +0000 2018,0.647,0.353,0.0,@CBSNews,Thousands evacuate as firefighters battle a raging wildfire tearing through rural California https://t.co/VLG14Z02j5 https://t.co/yGw6STVeTE,26
126,0.0,Mon Jun 25 16:36:41 +0000 2018,1.0,0.0,0.0,@CBSNews,"""Old Man"" from ""Pawn Stars"" dies at age 77 https://t.co/6Kf7oNCa58 https://t.co/54mzLfPgtI",27
127,-0.2617,Mon Jun 25 16:24:43 +0000 2018,0.742,0.148,0.109,@CBSNews,"""You were not involved but now you're stained with an original sins ... What kind of a religion is that? That's whaâ€¦ https://t.co/dhAEwudxDW",28
128,0.0,Mon Jun 25 16:09:32 +0000 2018,1.0,0.0,0.0,@CBSNews,Harley-Davidson takes a hit with a 25 percent tariff hike levied on bikes exported from the U.S. to the EUâ€¦ https://t.co/JZnRZx9vsk,29
129,0.5574,Mon Jun 25 15:51:23 +0000 2018,0.854,0.0,0.146,@CBSNews,"The Supreme Court has declined to weigh in on the case of Brendan Dassey, whose attorneys assert he is borderline iâ€¦ https://t.co/G1HIVrEz4J",30
130,0.34,Mon Jun 25 15:14:42 +0000 2018,0.746,0.096,0.158,@CBSNews,The Supreme Court is passingâ€” for nowâ€” on deciding if businesses can refuse to comply with anti-discrimination lawsâ€¦ https://t.co/dIEvtIztfm,31
131,-0.5106,Mon Jun 25 14:59:58 +0000 2018,0.809,0.191,0.0,@CBSNews,"Outcry after woman dubbed ""Permit Patty"" calls police on a black child selling water https://t.co/hUhkQiJB0Q https://t.co/G9Ryc1YqbZ",32
132,0.0,Mon Jun 25 14:45:01 +0000 2018,1.0,0.0,0.0,@CBSNews,Texas group takes in about 30 parents separated from kids https://t.co/cd1Mdd51Wj https://t.co/R9q3aiBTiU,33
133,0.4404,Mon Jun 25 14:29:49 +0000 2018,0.738,0.0,0.262,@CBSNews,Defense Sec. James Mattis focuses on security issues in China talks https://t.co/dTfE2RXCem https://t.co/ofJzTztOC0,34
134,0.0,Mon Jun 25 14:24:25 +0000 2018,0.725,0.137,0.137,@CBSNews,NEW: The Supreme Court will not rule on President Trump's so-called travel ban. The justices will also not hear theâ€¦ https://t.co/0kUWpmZvjl,35
135,-0.25,Mon Jun 25 14:14:59 +0000 2018,0.833,0.167,0.0,@CBSNews,Prosecutors cancel Stormy Daniels meeting in Michael Cohen probe https://t.co/tW7nWJEqGl https://t.co/2LUblzA39l,36
136,-0.2732,Mon Jun 25 14:00:53 +0000 2018,0.814,0.118,0.068,@CBSNews,WATCH: Law enforcement officers in Texas have launched an epic lip-sync battle -- and their serenades have gone virâ€¦ https://t.co/EBkve4UWwT,37
137,0.296,Mon Jun 25 13:44:40 +0000 2018,0.781,0.078,0.141,@CBSNews,Looming question for special counsel Robert Mueller: How much will Americans learn about his Russia investigation?â€¦ https://t.co/mjNERparbA,38
138,-0.7906,Mon Jun 25 13:29:47 +0000 2018,0.667,0.333,0.0,@CBSNews,"2 dead, 1 critically injured as plane crashes in Detroit, apparently after hitting a power line and treeâ€¦ https://t.co/zsbNr3AKAO",39
139,0.0,Mon Jun 25 13:14:41 +0000 2018,1.0,0.0,0.0,@CBSNews,"Jimmy Fallon responds after President Trump tells TV host to ""be a man"" over hair-tousling https://t.co/lNAZj33hrr https://t.co/LMLYyGu0id",40
140,0.1779,Mon Jun 25 12:50:09 +0000 2018,0.918,0.0,0.082,@CBSNews,Raising backyard chickens in urban areas is a growing trend. A study of 150 of the most populated U.S. cities findsâ€¦ https://t.co/FWzHBRjVGg,41
141,0.0,Mon Jun 25 12:39:57 +0000 2018,1.0,0.0,0.0,@CBSNews,Not your average coffee run: Dueling iguanas hold up traffic in Florida Starbucks parking lotâ€¦ https://t.co/GJGVD0w2Wb,42
142,-0.4019,Mon Jun 25 12:36:46 +0000 2018,0.881,0.119,0.0,@CBSNews,"The latest CBS News battleground tracker shows half the people in key states of Arizona, Texas, and Florida say theâ€¦ https://t.co/PfTYZQjcQK",43
143,0.0,Mon Jun 25 12:33:37 +0000 2018,1.0,0.0,0.0,@CBSNews,Hereâ€™s a look at some of this morningâ€™s headlines on @CBSThisMorning https://t.co/qhmOJyJf4t,44
144,-0.8271,Mon Jun 25 12:30:41 +0000 2018,0.688,0.312,0.0,@CBSNews,"Roseanne Barr says she's made herself a ""hate magnet,"" in her first interview since posting a racist tweet that ledâ€¦ https://t.co/N7jgmfpwgY",45
145,0.0,Mon Jun 25 12:28:55 +0000 2018,1.0,0.0,0.0,@CBSNews,RT @CBSThisMorning: New Zealand's prime minister made her first public appearance with her newborn. Jacinda Ardern  introduced her daughterâ€¦,46
146,-0.2732,Mon Jun 25 12:24:19 +0000 2018,0.89,0.11,0.0,@CBSNews,"Research in ""Pediatrics"" connects insufficient sleep in young teens to cardiac risk factors, including high blood pâ€¦ https://t.co/2MRPx0aoBc",47
147,0.5423,Mon Jun 25 12:19:38 +0000 2018,0.655,0.096,0.249,@CBSNews,"Turkey's Erdogan wins second presidential term, granted sweeping new powers, which critics say will cement what theâ€¦ https://t.co/LQtUEv72tT",48
148,-0.7906,Mon Jun 25 12:11:44 +0000 2018,0.72,0.28,0.0,@CBSNews,There will be a funeral this morning for an unarmed black teenager shot and killed by police officers in Pittsburghâ€¦ https://t.co/QLpeeDGfAx,49
149,-0.743,Mon Jun 25 12:10:16 +0000 2018,0.76,0.24,0.0,@CBSNews,Five gang members are under arrest in the Bronx for the stabbing death of a 15-year-old boy who dreamed of being anâ€¦ https://t.co/clGzzuTv37,50
150,0.128,Mon Jun 25 12:08:11 +0000 2018,0.923,0.0,0.077,@CBSNews,Defense Secretary James Mattis confirms the Pentagon is preparing to build temporary camps for immigrants at two miâ€¦ https://t.co/xmBAzHt3gX,51
151,0.8122,Mon Jun 25 11:59:52 +0000 2018,0.641,0.0,0.359,@CBSNews,"""Kindness, compassion, and positivity are very important traits in life,"" Melania Trump tells students at SADD confâ€¦ https://t.co/hmOL85StjV",52
152,0.0,Mon Jun 25 11:53:04 +0000 2018,1.0,0.0,0.0,@CBSNews,Hereâ€™s a look at some of this morningâ€™s headlines on @CBSThisMorning https://t.co/l24eRjFwKa,53
153,-0.3818,Mon Jun 25 11:39:32 +0000 2018,0.783,0.217,0.0,@CBSNews,Florida Attorney General Pam Bondi responds after protesters confront her at Mr. Rogers movieâ€¦ https://t.co/XZsIkzXlrK,54
154,-0.5994,Mon Jun 25 11:37:00 +0000 2018,0.822,0.178,0.0,@CBSNews,Police in California are investigating the unusual death of a man who was camping with his two young daughters: https://t.co/6xtV8y50G3,55
155,0.1779,Mon Jun 25 11:36:00 +0000 2018,0.914,0.0,0.086,@CBSNews,There is growing backlash against a San Francisco woman who allegedly called police on an 8-year-old black girl selâ€¦ https://t.co/MjDUMzsE5E,56
156,0.0,Mon Jun 25 11:35:27 +0000 2018,1.0,0.0,0.0,@CBSNews,"Here are 3 things you should know this morning:
1âƒ£Secretary Mattis heads to China
2âƒ£Bicycle-related injuries
3âƒ£Mariâ€¦ https://t.co/FxpXOnq8Hs",57
157,-0.3182,Mon Jun 25 11:20:01 +0000 2018,0.813,0.187,0.0,@CBSNews,"""I've lost everything"": Roseanne Barr gives tearful new interview https://t.co/stR4yq8wr4 https://t.co/xNg4Zip6aP",58
158,-0.5574,Mon Jun 25 11:19:15 +0000 2018,0.854,0.146,0.0,@CBSNews,"A new era is underway in Saudi Arabia, as newly-empowered women got behind the wheel as the world's last ban on femâ€¦ https://t.co/pkaX3beuMU",59
159,0.6249,Mon Jun 25 11:18:33 +0000 2018,0.758,0.0,0.242,@CBSNews,Turkish President Recep Tayyip Erdogan was proclaimed the winner early Monday of a landmark election that ushers inâ€¦ https://t.co/qezaKP2Kcv,60
160,-0.7964,Mon Jun 25 11:18:01 +0000 2018,0.664,0.336,0.0,@CBSNews,"Tensions are high in Minneapolis after the police killing of a black man, Thurman Blevins https://t.co/tILc8iPMF2 https://t.co/U0If4iaJYo",61
161,0.0,Mon Jun 25 11:16:39 +0000 2018,1.0,0.0,0.0,@CBSNews,The uproar over the presidentâ€™s immigration policy left his press secretary without a table over the weekend. A Virâ€¦ https://t.co/OaWQ2fktuR,62
162,0.0772,Mon Jun 25 11:14:53 +0000 2018,0.929,0.0,0.071,@CBSNews,The Trump administration says it is still separating a small number of immigrant children from adults. @cbsmireya sâ€¦ https://t.co/5pDMBgDaaW,63
163,0.0,Mon Jun 25 11:11:56 +0000 2018,1.0,0.0,0.0,@CBSNews,"The government says more than 500 immigrant children are back with their families. More than 2,000 others are stillâ€¦ https://t.co/KqQFS1mxQN",64
164,0.0,Mon Jun 25 11:08:40 +0000 2018,1.0,0.0,0.0,@CBSNews,President Trump now says undocumented immigrants who cross the southern U.S. border illegally are invading the counâ€¦ https://t.co/gwwtRX0O1g,65
165,-0.6705,Mon Jun 25 11:06:07 +0000 2018,0.766,0.234,0.0,@CBSNews,A dangerous and fast-moving wildfire is out of control in Northern California. The Pawnee Fire is just 20 miles froâ€¦ https://t.co/W4rVKRUpIz,66
166,0.0772,Mon Jun 25 10:59:56 +0000 2018,0.711,0.137,0.152,@CBSNews,Teen's random act of kindness for blind and deaf man on airplane goes viral https://t.co/rJMJmmVFW2 https://t.co/f8zaJuOkKn,67
167,0.0,Mon Jun 25 10:39:46 +0000 2018,1.0,0.0,0.0,@CBSNews,"A high school senior thought her brother was still deployed overseas and wouldn't make her graduation. But, there wâ€¦ https://t.co/jAF0PUKUxB",68
168,-0.4404,Mon Jun 25 10:35:01 +0000 2018,0.854,0.146,0.0,@CBSNews,Tired teens may be jeopardizing their future health. Coming up on @CBSThisMorning: Sleep expert Matthew Walker (â€¦ https://t.co/ObU1k6lgjI,69
169,0.0,Mon Jun 25 10:27:53 +0000 2018,1.0,0.0,0.0,@CBSNews,"RT @CBSThisMorning: THIS MORNING: 
ðŸ”œ Mark Strassmann has the latest on the California wildfires
ðŸ”œ @rikkijklieman  discusses Walgreens prescâ€¦",70
170,-0.6249,Mon Jun 25 10:03:03 +0000 2018,0.745,0.255,0.0,@CBSNews,Roger Rosenblatt on why the family separation crisis touches us all https://t.co/JE9qO7J4LT https://t.co/0FI2T67cL4,71
171,-0.5423,Mon Jun 25 09:48:04 +0000 2018,0.759,0.241,0.0,@CBSNews,Authorities investigating fatal police shooting of black man in Minneapolis https://t.co/n4aOqDaHl7 https://t.co/Yk37SBnIVh,72
172,0.8122,Mon Jun 25 09:33:03 +0000 2018,0.588,0.0,0.412,@CBSNews,"""Kindness, compassion, and positivity are very important traits in life,"" Melania Trump tells studentsâ€¦ https://t.co/q4gJuFzhVK",73
173,-0.34,Mon Jun 25 09:18:04 +0000 2018,0.789,0.211,0.0,@CBSNews,"Ominous UFO-like cloud identified as rare ""roll cloud"" https://t.co/7kQC1BnI10 https://t.co/VPFJiVjl36",74
174,0.0,Mon Jun 25 09:03:03 +0000 2018,1.0,0.0,0.0,@CBSNews,Trump rallies Republicans in Las Vegas https://t.co/4DQgB4FBtE https://t.co/yOORp7odzp,75
175,0.0,Mon Jun 25 08:48:04 +0000 2018,1.0,0.0,0.0,@CBSNews,Voices from inside San Quentin https://t.co/pLMsgn1nnd https://t.co/8Xk1b5ohcb,76
176,-0.6369,Mon Jun 25 08:33:03 +0000 2018,0.729,0.271,0.0,@CBSNews,Jury finds Colorado woman guilty of setting car on fire with husband sleeping inside https://t.co/FmrFE7po0H https://t.co/n6Gn9WaE1O,77
177,0.0,Mon Jun 25 08:18:03 +0000 2018,1.0,0.0,0.0,@CBSNews,Todd Fisher on life with Carrie &amp; Debbie https://t.co/FME8x9ibX2 https://t.co/3n03pUl3mi,78
178,0.128,Mon Jun 25 08:03:03 +0000 2018,0.677,0.143,0.18,@CBSNews,Lawsuit alleges Boston Public Schools shared information with ICE https://t.co/gGWDmmp3C6 https://t.co/D5MzBateqI,79
179,0.4391,Mon Jun 25 07:48:03 +0000 2018,0.806,0.0,0.194,@CBSNews,John McCain viewed more favorably by Arizona Democrats than by Republicans https://t.co/B6hgsuB50q https://t.co/2DMMOHE1TY,80
180,-0.2057,Mon Jun 25 07:33:03 +0000 2018,0.869,0.131,0.0,@CBSNews,"Trump tweets immigrants who ""invade"" U.S. not entitled to court hearings https://t.co/ijqaug01fN https://t.co/nGlUhJnZ4O",81
181,-0.34,Mon Jun 25 07:18:03 +0000 2018,0.746,0.254,0.0,@CBSNews,Firefighters accused of making sex tape in firehouse leave department https://t.co/73Uxlu9foV https://t.co/f3q7FTtMft,82
182,0.0,Mon Jun 25 07:03:04 +0000 2018,1.0,0.0,0.0,@CBSNews,Almanac: The founder of chemical giant DuPont https://t.co/1y9LtSUC9h https://t.co/mLk9KzOqeV,83
183,-0.6808,Mon Jun 25 06:48:03 +0000 2018,0.577,0.423,0.0,@CBSNews,5 Florida teens who mocked and recorded drowning man avoid charges https://t.co/43lsqmsA5R https://t.co/JApXDQOzqC,84
184,-0.2263,Mon Jun 25 06:33:03 +0000 2018,0.888,0.112,0.0,@CBSNews,"Protests continue along the Texas border as more than 2,000 separated children remain in custodyâ€¦ https://t.co/m1dk5PAVbF",85
185,0.0,Mon Jun 25 06:18:03 +0000 2018,1.0,0.0,0.0,@CBSNews,What happened after two brothers were deported to El Salvador after a decade in the U.S. https://t.co/M3xOoSeRy2 https://t.co/feMV7OOGrT,86
186,0.5859,Mon Jun 25 06:03:04 +0000 2018,0.787,0.0,0.213,@CBSNews,England advances to World Cup knockout round with resounding 6-1 win over Panama https://t.co/znEQLMfRfN https://t.co/ZFQ21M9sME,87
187,0.0,Mon Jun 25 05:48:04 +0000 2018,1.0,0.0,0.0,@CBSNews,Dueling iguanas hold up traffic in Florida Starbucks parking lot https://t.co/UCVaPaNZwc https://t.co/MqT9y3QmWQ,88
188,0.0,Mon Jun 25 05:33:03 +0000 2018,1.0,0.0,0.0,@CBSNews,"""Game of Thrones"" co-stars Kit Harington, Rose Leslie married in Scotland https://t.co/paTWfblAdO https://t.co/HLlSU6nNKA",89
189,0.0,Mon Jun 25 05:18:03 +0000 2018,1.0,0.0,0.0,@CBSNews,"""Under One Roof,"" at NYC's Tenement Museum https://t.co/WVG6qSa7rX https://t.co/9wY87KRBe2",90
190,-0.4019,Mon Jun 25 05:03:04 +0000 2018,0.816,0.184,0.0,@CBSNews,"Battleground Arizona: Focus group reveals stark divide on immigration, family separation https://t.co/t00UrlKfQO https://t.co/5ufoPvpkW1",91
191,-0.395,Mon Jun 25 04:59:28 +0000 2018,0.882,0.118,0.0,@CBSNews,Explorers have walked to the South Pole before. But they've never done it like this. Stream the new CBSN Originalsâ€¦ https://t.co/cLRvKAj5AX,92
192,-0.1027,Mon Jun 25 04:48:04 +0000 2018,0.46,0.282,0.259,@CBSNews,Homeland Security employees warned of increased threats amid immigration uproar https://t.co/Oy47X82bwr https://t.co/jonLLMB1tA,93
193,-0.6486,Mon Jun 25 04:33:02 +0000 2018,0.719,0.281,0.0,@CBSNews,"Vinnie Paul, drummer for metal band Pantera, dead at 54 https://t.co/W1z2yOpZdl https://t.co/dFMtW45QdH",94
194,0.0,Mon Jun 25 04:18:05 +0000 2018,1.0,0.0,0.0,@CBSNews,David Bowie and his ever-evolving self-portrait https://t.co/cnjU3oa3iQ https://t.co/rdzky536n3,95
195,-0.5423,Mon Jun 25 04:03:04 +0000 2018,0.759,0.241,0.0,@CBSNews,Authorities investigating fatal police shooting of black man in Minneapolis https://t.co/IgGs6C2LbO https://t.co/xdkNDDn2Vu,96
196,-0.34,Mon Jun 25 03:48:05 +0000 2018,0.789,0.211,0.0,@CBSNews,"Ominous UFO-like cloud identified as rare ""roll cloud"" https://t.co/hRSum9oMt1 https://t.co/Yd7q6UXqgJ",97
197,0.0,Mon Jun 25 03:33:03 +0000 2018,1.0,0.0,0.0,@CBSNews,Voices from inside San Quentin https://t.co/oWgSGvEeB3 https://t.co/e8q2wNh4ut,98
198,0.0,Mon Jun 25 03:18:03 +0000 2018,1.0,0.0,0.0,@CBSNews,Todd Fisher on life with Carrie &amp; Debbie https://t.co/SAUc6TmvAq https://t.co/emEtXtebTI,99
199,0.4391,Mon Jun 25 03:03:04 +0000 2018,0.806,0.0,0.194,@CBSNews,John McCain viewed more favorably by Arizona Democrats than by Republicans https://t.co/cXLH6SvF9N https://t.co/gr7V6EIbSJ,100
200,-0.6369,Mon Jun 25 21:09:02 +0000 2018,0.741,0.259,0.0,@CNN,Man fatally shot while camping with his young daughters in California https://t.co/cGWnZOPMkF https://t.co/Nmc3rBCWd6,1
201,0.0,Mon Jun 25 21:02:01 +0000 2018,1.0,0.0,0.0,@CNN,"Sarah Sanders says President Trump's executive order to keep families together at the border is a ""temporary solutiâ€¦ https://t.co/NKc6zprV6H",2
202,0.0,Mon Jun 25 20:44:29 +0000 2018,1.0,0.0,0.0,@CNN,Sarah Sanders was asked to respond to reports that Harley Davidson is shifting production of some motorcycles out oâ€¦ https://t.co/W14Vubmh5U,3
203,0.0,Mon Jun 25 20:25:16 +0000 2018,1.0,0.0,0.0,@CNN,China is unleashing more than $100 billion into its economy https://t.co/kFVXvyutkE https://t.co/Yn7kH5GXGc,4
204,0.8296,Mon Jun 25 20:11:33 +0000 2018,0.659,0.059,0.282,@CNN,"""We are allowed to disagree but should be able to do so freely and without fear of harm."" White House press secretaâ€¦ https://t.co/tNg6bNHvkp",5
205,0.0,Mon Jun 25 19:59:10 +0000 2018,1.0,0.0,0.0,@CNN,"""Nobody gets medals for taking their buddy to a mental hospital, but these guys showed up, and they did it"" 

Navyâ€¦ https://t.co/Z0BfYTviAM",6
206,-0.2263,Mon Jun 25 19:57:33 +0000 2018,0.905,0.095,0.0,@CNN,Weâ€™re at the White House for todayâ€™s press briefing with Sarah Sanders as protests continue over immigration practiâ€¦ https://t.co/R1elhsWex6,7
207,0.6041,Mon Jun 25 19:47:04 +0000 2018,0.752,0.0,0.248,@CNN,Human rights groups tell US Ambassador to the United Nations Nikki Haley they aren't to blame for US withdrawal froâ€¦ https://t.co/3sdF1XzlaS,8
208,0.0,Mon Jun 25 19:40:11 +0000 2018,1.0,0.0,0.0,@CNN,These are some of the things that have put a dent in the stature of Nikki Haley https://t.co/FuVE9c86U4 (viaâ€¦ https://t.co/TbtQIy2A9j,9
209,0.4404,Mon Jun 25 19:33:05 +0000 2018,0.775,0.0,0.225,@CNN,New paths for dementia research offer hope https://t.co/kqx28Qjh9e (via @CNNOpinion) https://t.co/U1rjvLZxhh,10
210,-0.0258,Mon Jun 25 19:26:54 +0000 2018,0.749,0.127,0.124,@CNN,A search is underway to rescue 12 teenage soccer players and their coach who are believed to be trapped in a cave iâ€¦ https://t.co/PwdEC740Fa,11
211,0.4019,Mon Jun 25 19:19:10 +0000 2018,0.816,0.0,0.184,@CNN,"How soybeans -- yes, soybeans -- could impact the midterm elections https://t.co/oCcYXKP5rZ https://t.co/bFkWLREmfs",12
212,0.6369,Mon Jun 25 19:06:04 +0000 2018,0.819,0.0,0.181,@CNN,"Richard Harrison, best known to viewers of the History Channel series ""Pawn Stars"" as ""The Old Man,"" has diedâ€¦ https://t.co/yCjr06nW8s",13
213,0.4404,Mon Jun 25 18:59:05 +0000 2018,0.609,0.122,0.269,@CNN,A teacher's dying wish helps hundreds of needy kids with backpacks and school supplies https://t.co/Dos2eW9C70 https://t.co/W66lBwIzt1,14
214,-0.6908,Mon Jun 25 18:52:05 +0000 2018,0.737,0.263,0.0,@CNN,"Heather Locklear was arrested Sunday on two misdemeanor counts of battery of emergency personnel, two months afterâ€¦ https://t.co/zCagwdsTPr",15
215,0.34,Mon Jun 25 18:45:05 +0000 2018,0.888,0.0,0.112,@CNN,"Russell Crowe will play Fox News founder and chairman Roger Ailes in a new miniseries for Showtime, the network saiâ€¦ https://t.co/WvDqUhd4j9",16
216,0.0,Mon Jun 25 18:38:06 +0000 2018,1.0,0.0,0.0,@CNN,"The National Museum of African American History and Culture has added several objects from ""Black Panther"" to its câ€¦ https://t.co/Zy1Hg05HbJ",17
217,0.296,Mon Jun 25 18:31:27 +0000 2018,0.879,0.0,0.121,@CNN,"Attorney General Jeff Sessions just doubled down on the administrationâ€™s ""zero tolerance"" immigration policy in a sâ€¦ https://t.co/4epkLn5Ykf",18
218,-0.7845,Mon Jun 25 18:21:05 +0000 2018,0.711,0.289,0.0,@CNN,"A 17-year veteran of the fire department in Long Beach, California, was shot and killed Monday while responding toâ€¦ https://t.co/lO0aUbMYx7",19
219,0.0,Mon Jun 25 18:10:06 +0000 2018,1.0,0.0,0.0,@CNN,The Red Hen tweet: A story of the incredibly shrinking President | Analysis by Chris Cillizzaâ€¦ https://t.co/DjifjhcKhM,20
220,-0.5849,Mon Jun 25 18:00:10 +0000 2018,0.808,0.192,0.0,@CNN,Why Maxine Waters' low-road strategy on Donald Trump is a very bad idea | Analysis by Chris Cillizzaâ€¦ https://t.co/VhTqsK6Gjp,21
221,0.0,Mon Jun 25 17:54:00 +0000 2018,1.0,0.0,0.0,@CNN,"MJ Hegar, an Air Force veteran and Purple Heart recipient running in Texas's 31st District, posted her campaign vidâ€¦ https://t.co/eG48TbLAPv",22
222,0.128,Mon Jun 25 17:50:19 +0000 2018,0.786,0.096,0.118,@CNN,NASA has a new plan to stop asteroids and help scientists detect near-Earth objects they haven't been able to findâ€¦ https://t.co/dPRKXJybb5,23
223,0.0,Mon Jun 25 17:40:20 +0000 2018,1.0,0.0,0.0,@CNN,Here's how Chipotle is making a comeback https://t.co/7tF4PIACom https://t.co/q30fUgstFs,24
224,0.4019,Mon Jun 25 17:30:13 +0000 2018,0.876,0.0,0.124,@CNN,The US Office of Special Counsel is investigating whether EPA aides have been dismissed or demoted as retaliation fâ€¦ https://t.co/MELPgZ8RP8,25
225,-0.2732,Mon Jun 25 17:23:31 +0000 2018,0.9,0.1,0.0,@CNN,The College Board wants to cut thousands of years from its AP World History test. Teachers aren't having it.â€¦ https://t.co/T9jt7w8gB5,26
226,-0.128,Mon Jun 25 17:11:04 +0000 2018,0.651,0.186,0.163,@CNN,Laura Ingalls Wilder's name has been stripped from a prestigious book award because of racist themesâ€¦ https://t.co/9ywxEjDGx9,27
227,0.0,Mon Jun 25 17:00:13 +0000 2018,1.0,0.0,0.0,@CNN,"General Electric unveiled a $3.25 billion deal to sell its distributed power business, the latest move by the compaâ€¦ https://t.co/lXC3FKAHT6",28
228,0.0,Mon Jun 25 16:50:06 +0000 2018,1.0,0.0,0.0,@CNN,The Dow shed 400 points on Tuesday following news that President Trump plans to crack down on Chinese investment inâ€¦ https://t.co/arpRmpYcbd,29
229,-0.8519,Mon Jun 25 16:40:09 +0000 2018,0.617,0.383,0.0,@CNN,"Sen. Claire McCaskill suffered a broken rib after choking at a Senate lunch, where her colleague Joe Manchin perforâ€¦ https://t.co/cyPLi6FvEX",30
230,0.0,Mon Jun 25 16:39:15 +0000 2018,1.0,0.0,0.0,@CNN,Why a felon could beat a US congressman in Tuesday's New York primary | Analysis by Harry Enten https://t.co/OufmYZJt63,31
231,-0.25,Mon Jun 25 16:30:16 +0000 2018,0.672,0.206,0.122,@CNN,Rep. Maxine Waters called on her supporters to publicly confront and harass members of the Trump administration inâ€¦ https://t.co/oXxtOb83WE,32
232,0.0,Mon Jun 25 16:20:08 +0000 2018,1.0,0.0,0.0,@CNN,"Rapper Akon is building a futuristic 'Crypto city,' in Senegal, which will trade exclusively in his own digital casâ€¦ https://t.co/KMYfdqr8ZC",33
233,0.0,Mon Jun 25 16:10:09 +0000 2018,1.0,0.0,0.0,@CNN,"""America is our last hope,"" detainees in McAllen, Texas, told Sen. Elizabeth Warren https://t.co/UtrtvcU4li https://t.co/zGeZy3UhEa",34
234,0.6361,Mon Jun 25 16:00:06 +0000 2018,0.785,0.0,0.215,@CNN,"Shares of Campbell Soup rose more than 10% Monday following a report hat said Kraft Heinz is ""very interested"" in tâ€¦ https://t.co/XkTBKGVS3V",35
235,0.0,Mon Jun 25 15:51:06 +0000 2018,1.0,0.0,0.0,@CNN,Why a felon could beat a US congressman in Tuesday's New York primary | Analysis by Harry Enten https://t.co/8uHZj5azBh,36
236,-0.5574,Mon Jun 25 15:40:08 +0000 2018,0.841,0.159,0.0,@CNN,McDonald's and Starbucks were among dozens of companies hit with fines in India over a ban on single-use plastic prâ€¦ https://t.co/ijqoMuS1JL,37
237,0.0,Mon Jun 25 15:30:07 +0000 2018,1.0,0.0,0.0,@CNN,The campaign raising money to reunite immigrant families has topped $20 million. It's on to $25 million now.â€¦ https://t.co/r6dHu98ICp,38
238,0.5574,Mon Jun 25 15:21:06 +0000 2018,0.825,0.0,0.175,@CNN,"The Supreme Court declined to take up a case concerning Brendan Dassey, a central figure in a 2015 documentary seriâ€¦ https://t.co/YpiNsl2ndo",39
239,-0.1779,Mon Jun 25 15:10:07 +0000 2018,0.813,0.11,0.077,@CNN,"""I lost everything,"" says Roseanne Barr in an emotional interview in which she discusses the fallout from a seriesâ€¦ https://t.co/8nDB7GtwmL",40
240,0.5859,Mon Jun 25 15:00:21 +0000 2018,0.725,0.0,0.275,@CNN,Erdogan's win transforms Turkey from democracy to elected autocracy https://t.co/N8ZeAxW1Hd https://t.co/BNKERDvj73,41
241,0.0,Mon Jun 25 14:50:04 +0000 2018,1.0,0.0,0.0,@CNN,Jurassic World sequel crosses $700 million at the global box office https://t.co/jMoMLM5FHU https://t.co/v6ygPIXjsM,42
242,0.5859,Mon Jun 25 14:40:12 +0000 2018,0.817,0.0,0.183,@CNN,"Two women made sailing history on Sunday, becoming the first female competitors to win the grueling, around-the-worâ€¦ https://t.co/xpWDqUt6zW",43
243,0.0,Mon Jun 25 14:30:06 +0000 2018,1.0,0.0,0.0,@CNN,"""I'm riding the Trump wave. He's Christopher Columbus,"" says Nevada pimp running for office https://t.co/6kYOjebnFp https://t.co/uUQ5GvE2bq",44
244,0.0,Mon Jun 25 14:20:09 +0000 2018,1.0,0.0,0.0,@CNN,This Instagram star isn't what she seems. But brands are buying in https://t.co/QDXdZujoJ3 https://t.co/1mFYxlOgHm,45
245,-0.296,Mon Jun 25 14:10:05 +0000 2018,0.891,0.109,0.0,@CNN,Harley-Davidson is already shifting some production of motorcycles for European customers out of the US to avoid EUâ€¦ https://t.co/E6Dimp0Si9,46
246,0.34,Mon Jun 25 14:00:04 +0000 2018,0.674,0.124,0.202,@CNN,The Supreme Court sends North Carolina partisan gerrymander case back to lower court https://t.co/Jf8RxJjr3R,47
247,0.0,Mon Jun 25 13:48:58 +0000 2018,1.0,0.0,0.0,@CNN,"Actually, the US has a long history of separating families https://t.co/esQM07mdoS https://t.co/L7g2NZznFf",48
248,0.34,Mon Jun 25 13:43:58 +0000 2018,0.721,0.106,0.173,@CNN,JUST IN: Supreme Court won't take up case of florist who refused service for same-sex couple https://t.co/MOXODeIAsR,49
249,0.0,Mon Jun 25 13:43:15 +0000 2018,1.0,0.0,0.0,@CNN,"An Indian boy has become the world's second-youngest chess grandmaster, at the age of 12 years and 10 monthsâ€¦ https://t.co/ygzXLtSnbF",50
250,0.4215,Mon Jun 25 13:31:33 +0000 2018,0.865,0.0,0.135,@CNN,A Brazilian journalist shouted down a man who tried to kiss her while she was reporting from the World Cupâ€¦ https://t.co/BhfQ3qx8HI,51
251,-0.7096,Mon Jun 25 13:23:25 +0000 2018,0.597,0.323,0.08,@CNN,"In an emotional interview, Roseanne Barr says she ""horribly"" regrets sending racist tweets https://t.co/rkJSzuku5u https://t.co/mEXbYp7uEj",52
252,-0.3818,Mon Jun 25 13:15:16 +0000 2018,0.625,0.242,0.133,@CNN,"President Trump attacked Jimmy Fallon on Twitter after ""The Tonight Show"" host expressed regret about a friendly inâ€¦ https://t.co/eo1SFMSsXg",53
253,0.4767,Mon Jun 25 13:02:43 +0000 2018,0.669,0.1,0.23,@CNN,"In the middle of the Pride parade, two New York City fire department medics paused for a heartwarming proposalâ€¦ https://t.co/kxujVc4BCK",54
254,0.1779,Mon Jun 25 12:50:07 +0000 2018,0.898,0.0,0.102,@CNN,"Starting Wednesday, Amazon Prime members can earn additional savings at Whole Foods across the US https://t.co/TqDrImgCAH",55
255,-0.3818,Mon Jun 25 12:37:50 +0000 2018,0.784,0.147,0.069,@CNN,"Elvis Presley's abandoned private jet is up for auction. 

It last reached a price of $430,000 in 2017.â€¦ https://t.co/dICOnChuCd",56
256,-0.0516,Mon Jun 25 12:27:25 +0000 2018,0.921,0.079,0.0,@CNN,Why Sarah Sanders was asked to leave a restaurant | ByÂ Dean Obeidallah via @CNNopinion  https://t.co/pHehN4H3jI https://t.co/DppiQuyC0k,57
257,0.2023,Mon Jun 25 12:15:02 +0000 2018,0.921,0.0,0.079,@CNN,A top Netflix executive has left the company after he used the N-word in front of colleagues on more than one occasâ€¦ https://t.co/2r6E82AlPz,58
258,-0.296,Mon Jun 25 12:03:21 +0000 2018,0.879,0.121,0.0,@CNN,A Walgreens pharmacist in Arizona refused to fill a prescription for a medicine that would induce miscarriage for aâ€¦ https://t.co/OftTmjFfIT,59
259,0.0,Mon Jun 25 11:51:48 +0000 2018,0.748,0.126,0.126,@CNN,This teenager volunteered her skills in sign language to help a blind and deaf man on a cross-country flight https://t.co/4IgVLEYBfW,60
260,-0.4019,Mon Jun 25 11:40:40 +0000 2018,0.87,0.13,0.0,@CNN,A 9-year-old boy in Greece permanently injured his left eye when he repeatedly gazed into a laser pointer's green bâ€¦ https://t.co/XnagbjRY49,61
261,0.0,Mon Jun 25 11:29:14 +0000 2018,1.0,0.0,0.0,@CNN,"Otzi, a 5,300-year-old glacier mummy found in the Italian Alps, is older than the Giza pyramids and Stonehenge. Theâ€¦ https://t.co/F1RlmFbu7q",62
262,0.0,Mon Jun 25 11:17:42 +0000 2018,1.0,0.0,0.0,@CNN,"Federal prosecutors have canceled their planned interview with Stormy Daniels Monday, according to Daniels' attorneâ€¦ https://t.co/IIuOLD5Wj0",63
263,-0.6249,Mon Jun 25 11:06:13 +0000 2018,0.806,0.194,0.0,@CNN,"After family separation crisis, Trump returns to his tried-and-true tactic -- ratchet up the rhetoric | Analysis byâ€¦ https://t.co/kK1MNsQWhZ",64
264,-0.5994,Mon Jun 25 10:55:12 +0000 2018,0.766,0.234,0.0,@CNN,"This detained mom has no idea where her son is, so she wrote a letter to him
https://t.co/bjTv9DQWWc https://t.co/UdUUzemk1d",65
265,-0.1027,Mon Jun 25 10:45:05 +0000 2018,0.931,0.069,0.0,@CNN,A Japanese employee has been docked half a day's pay for repeatedly leaving his desk a few minutes early to eat lunâ€¦ https://t.co/hbYWwQYQu4,66
266,-0.5574,Mon Jun 25 10:34:55 +0000 2018,0.825,0.175,0.0,@CNN,"A Chicago teen, shot in the head, was covered with a sheet by paramedics. He died nearly a day later.â€¦ https://t.co/Z6DXLv6b6j",67
267,-0.296,Mon Jun 25 10:24:37 +0000 2018,0.896,0.104,0.0,@CNN,"A transgender woman was asked for her ID to use a restaurant's bathroom. When she refused, she says she got kickedâ€¦ https://t.co/33Xe2QM5mQ",68
268,-0.6249,Mon Jun 25 10:14:22 +0000 2018,0.702,0.298,0.0,@CNN,A jogger was detained for 2 weeks after accidentally crossing US border from Canada https://t.co/DQaIWncc1m https://t.co/4d5J9l6iKB,69
269,-0.3612,Mon Jun 25 10:03:12 +0000 2018,0.898,0.102,0.0,@CNN,"The funeral for Antwon Rose II, the unarmed teen who was shot by police last week, is being held today following seâ€¦ https://t.co/AqaX8nxnjD",70
270,-0.0258,Mon Jun 25 09:56:04 +0000 2018,0.749,0.127,0.124,@CNN,A search is underway to rescue 12 teenage soccer players and their coach who are thought to be trapped in a cave inâ€¦ https://t.co/1cfhoHfHL5,71
271,0.0,Mon Jun 25 09:44:32 +0000 2018,1.0,0.0,0.0,@CNN,Every single person in charge of law and order in this Georgia town is a black woman https://t.co/unuDektQVm https://t.co/zs07gEBVAE,72
272,0.4019,Mon Jun 25 09:34:03 +0000 2018,0.838,0.0,0.162,@CNN,Live out your Mario Kart dreams on the streets of Tokyo https://t.co/Cb4LA6hIHp via @CNNTravel https://t.co/avJ03fzlCb,73
273,-0.7351,Mon Jun 25 09:29:45 +0000 2018,0.536,0.343,0.121,@CNN,"Just weeks out of prison, Meek Mill debuted a song that delivered a blistering criticism of the criminal justice syâ€¦ https://t.co/Iil4H92dSt",74
274,0.3818,Mon Jun 25 09:22:30 +0000 2018,0.841,0.0,0.159,@CNN,Egyptian football fans are backing Mohamed Salah after it was revealed he's ready to quit the national team over hiâ€¦ https://t.co/XcQBpE73Pv,75
275,0.0,Mon Jun 25 09:13:04 +0000 2018,1.0,0.0,0.0,@CNN,What 40 years of 'Space Invaders' says about the 1970s -- and today https://t.co/UaA2bwlx88 via @CNNStyle https://t.co/Xc9H8djgd8,76
276,-0.6249,Mon Jun 25 09:06:05 +0000 2018,0.806,0.194,0.0,@CNN,"After family separation crisis, Trump returns to his tried-and-true tactic -- ratchet up the rhetoric | Analysis byâ€¦ https://t.co/ozorsl0D7n",77
277,0.0,Mon Jun 25 08:51:19 +0000 2018,1.0,0.0,0.0,@CNN,"Federal prosecutors have canceled their planned interview with Stormy Daniels Monday, according to Daniels' attorneâ€¦ https://t.co/zfbvwS81mc",78
278,-0.3818,Mon Jun 25 08:20:19 +0000 2018,0.784,0.147,0.069,@CNN,"Elvis Presley's abandoned private jet is up for auction. 

It last reached a price of $430,000 in 2017.â€¦ https://t.co/VVI9AcKu9c",79
279,0.0,Mon Jun 25 07:51:56 +0000 2018,1.0,0.0,0.0,@CNN,"Kids' exposure to addiction drug rose 215% in three years, study says https://t.co/9urACN7aeq https://t.co/48mSwrT0dJ",80
280,-0.0258,Mon Jun 25 07:42:08 +0000 2018,0.749,0.127,0.124,@CNN,A search is underway to rescue 12 teenage soccer players and their coach who are thought to be trapped in a cave inâ€¦ https://t.co/FrogArwh7J,81
281,-0.6249,Mon Jun 25 07:30:29 +0000 2018,0.702,0.298,0.0,@CNN,A jogger was detained for 2 weeks after accidentally crossing US border from Canada https://t.co/WAzSpB72g1 https://t.co/MPOhdqiyxk,82
282,-0.2263,Mon Jun 25 07:11:27 +0000 2018,0.909,0.091,0.0,@CNN,"Protests over family separations are expected to continue on Monday, as questions linger over when and how more thaâ€¦ https://t.co/zmFALPf9XN",83
283,0.0,Mon Jun 25 07:05:00 +0000 2018,1.0,0.0,0.0,@CNN,China is unleashing more than $100 billion into its economy https://t.co/NJY73T1ZHg https://t.co/rMLYPcXUmU,84
284,-0.296,Mon Jun 25 06:40:44 +0000 2018,0.896,0.104,0.0,@CNN,"A transgender woman was asked for her ID to use a restaurant's bathroom. When she refused, she says she got kickedâ€¦ https://t.co/mXSt120EU3",85
285,0.0,Mon Jun 25 06:15:00 +0000 2018,1.0,0.0,0.0,@CNN,"Texas border processing center has ""big chain-linked cages on concrete floors,"" Sen. Elizabeth Warren says https://t.co/5pWBQNMyHU",86
286,-0.5267,Mon Jun 25 06:11:26 +0000 2018,0.833,0.167,0.0,@CNN,Mo Salah is considering quitting the Egyptian national team due to unhappiness over his #WorldCup Chechnya controveâ€¦ https://t.co/JgoGjyEeqL,87
287,-0.5994,Mon Jun 25 05:30:08 +0000 2018,0.766,0.234,0.0,@CNN,"This detained mom has no idea where her son is, so she wrote a letter to him
https://t.co/M0IE2ubNw5 https://t.co/YH3iyeKylZ",88
288,0.0,Mon Jun 25 05:00:06 +0000 2018,1.0,0.0,0.0,@CNN,Every single person in charge of law and order in this Georgia town is a black woman https://t.co/JXYPtS9WwL https://t.co/YdjF1BDxlR,89
289,-0.3818,Mon Jun 25 04:45:06 +0000 2018,0.784,0.147,0.069,@CNN,"Elvis Presley's abandoned private jet is up for auction. 

It last reached a price of $430,000 in 2017.â€¦ https://t.co/RAt5iAkY1B",90
290,-0.1027,Mon Jun 25 04:15:04 +0000 2018,0.931,0.069,0.0,@CNN,A Japanese employee has been docked half a day's pay for repeatedly leaving his desk a few minutes early to eat lunâ€¦ https://t.co/nrzoyhZTzd,91
291,0.4019,Mon Jun 25 04:00:09 +0000 2018,0.847,0.0,0.153,@CNN,There's nearly a Nixon 1974 level of public support for impeaching President Trump | Analysis by @zbyronwolfÂ â€¦ https://t.co/jaIdxZpszk,92
292,-0.3071,Mon Jun 25 03:30:09 +0000 2018,0.899,0.101,0.0,@CNN,"President Trump claims crime in Germany ""is way up."" 

But data from the German government shows that 2017 saw theâ€¦ https://t.co/zjUnd7zEdp",93
293,0.4019,Mon Jun 25 03:15:06 +0000 2018,0.816,0.0,0.184,@CNN,"How soybeans -- yes, soybeans -- could impact the midterm elections https://t.co/4KclAApMvN https://t.co/Yt7ZVh9kES",94
294,0.0,Mon Jun 25 03:00:16 +0000 2018,1.0,0.0,0.0,@CNN,This school in Virginia is switching its name from that of a Confederate general to Barack Obama Elementary Schoolâ€¦ https://t.co/HBRzBpZ9SA,95
295,-0.2732,Mon Jun 25 02:45:06 +0000 2018,0.9,0.1,0.0,@CNN,The College Board wants to cut thousands of years from its AP World History test. Teachers aren't having it.â€¦ https://t.co/sd5pSJrkPU,96
296,0.0,Mon Jun 25 02:30:09 +0000 2018,1.0,0.0,0.0,@CNN,New Zealand Prime Minister Jacinda Ardern became the first world leader in nearly 30 years to have a child while inâ€¦ https://t.co/peMDzj4r04,97
297,0.2023,Mon Jun 25 02:15:05 +0000 2018,0.921,0.0,0.079,@CNN,A top Netflix executive has left the company after he used the N-word in front of colleagues on more than one occasâ€¦ https://t.co/hYAPBgleDl,98
298,-0.5574,Mon Jun 25 02:00:17 +0000 2018,0.825,0.175,0.0,@CNN,"A Chicago teen, shot in the head, was covered with a sheet by paramedics. He died nearly a day later.â€¦ https://t.co/JjwpbKzrlT",99
299,-0.3071,Mon Jun 25 01:45:06 +0000 2018,0.899,0.101,0.0,@CNN,"President Trump claims crime in Germany ""is way up."" 

But data from the German government shows that 2017 saw theâ€¦ https://t.co/Mj9VKKeiLi",100
300,0.0,Mon Jun 25 20:57:28 +0000 2018,1.0,0.0,0.0,@FoxNews,THURSDAY: @BretBaier and @marthamaccallum moderate the Florida GOP gubernatorial debate at 6:30p ET on Fox News Chaâ€¦ https://t.co/xP2mgtxReD,1
301,-0.4019,Mon Jun 25 20:40:00 +0000 2018,0.748,0.252,0.0,@FoxNews,William Johnson on escalating trade tensions https://t.co/XKsZ8dzMjZ #Cavuto https://t.co/0VyY5p3QHY,2
302,-0.128,Mon Jun 25 20:30:01 +0000 2018,0.62,0.209,0.171,@FoxNews,Tech shares hit as trade tensions escalate https://t.co/jBAmFeFoOZ #Cavuto https://t.co/se2zfTakjX,3
303,-0.296,Mon Jun 25 20:21:16 +0000 2018,0.896,0.104,0.0,@FoxNews,"""You mean are we walking around making up laws? No, because we're not the Obama administration. We're actually tryiâ€¦ https://t.co/T0n35BYhZ3",4
304,0.0,Mon Jun 25 20:17:33 +0000 2018,1.0,0.0,0.0,@FoxNews,RT @FoxBusiness: Dow tumbles 328 points as US-China tariff spat heats up again https://t.co/6klqtDn9iZ,5
305,0.34,Mon Jun 25 20:15:26 +0000 2018,0.902,0.0,0.098,@FoxNews,".@PressSec: ""At some point Congress has to do what they were elected to do, and that is secure our border, that isâ€¦ https://t.co/c8O3B0JCZL",6
306,0.5994,Mon Jun 25 20:10:40 +0000 2018,0.588,0.0,0.412,@FoxNews,".@PressSec: ""The president certainly supports keeping families together."" https://t.co/1XdX0O0rWn",7
307,0.0,Mon Jun 25 20:08:33 +0000 2018,1.0,0.0,0.0,@FoxNews,".@PressSec: ""Anyone that goes to a port of entry seeking asylum will not be prosecuted."" https://t.co/SGWKI9Z9Dz",8
308,-0.5423,Mon Jun 25 20:07:47 +0000 2018,0.8,0.2,0.0,@FoxNews,.@PressSec Sanders decries 'calls for harassment' citing Rep. Maxine Waters and the restaurant episode. https://t.co/3PZY6qwybf,9
309,0.8126,Mon Jun 25 20:06:30 +0000 2018,0.682,0.0,0.318,@FoxNews,".@PressSec: ""President Trump will continue to push for free, fair and reciprocal trade and hopes that the EU will jâ€¦ https://t.co/CQoy5tMeiV",10
310,0.4215,Mon Jun 25 20:00:57 +0000 2018,0.714,0.087,0.198,@FoxNews,".@PressSec: ""The president would like to see us stop people from illegally entering the country at all. We'd like tâ€¦ https://t.co/9i1ik0EHYK",11
311,-0.5574,Mon Jun 25 19:56:55 +0000 2018,0.658,0.25,0.092,@FoxNews,".@PressSec: ""The calls for harassment and push for any Trump supporter to avoid the public is unacceptable."" https://t.co/7wC1Xl0cWW",12
312,0.0,Mon Jun 25 19:53:34 +0000 2018,1.0,0.0,0.0,@FoxNews,.@PressSec Sarah Sanders holds a @WhiteHouse briefing. https://t.co/wG52O89FFH,13
313,0.5994,Mon Jun 25 19:48:19 +0000 2018,0.742,0.0,0.258,@FoxNews,"""We want to help you.""

Maryland man blows out his tire and is surprised by the police reaction. #ProudAmerican https://t.co/Z4XDS5a5mk",14
314,0.0,Mon Jun 25 19:43:20 +0000 2018,1.0,0.0,0.0,@FoxNews,Dem Strategist: 'Hypocritical' for GOP to Call Out Maxine Waters After Trump's Behavior. https://t.co/Cv4gwC2xVC,15
315,-0.3182,Mon Jun 25 19:40:00 +0000 2018,0.85,0.15,0.0,@FoxNews,"Pilot abandons plane after landing it illegally on New Jersey beach, officials say. https://t.co/qPlA6ZhPi7",16
316,-0.5267,Mon Jun 25 19:32:08 +0000 2018,0.833,0.167,0.0,@FoxNews,"Wildfires in California are threatening hundreds of houses and businesses, forcing thousands of people from their hâ€¦ https://t.co/KMxQFs5aAu",17
317,0.0,Mon Jun 25 19:21:22 +0000 2018,1.0,0.0,0.0,@FoxNews,JUST IN: GOP lawmakers sign letter asking Deputy Attorney General Rosenstein for the names of everyone working on tâ€¦ https://t.co/sk1A2Avu5I,18
318,0.0,Mon Jun 25 19:17:00 +0000 2018,1.0,0.0,0.0,@FoxNews,Northern California wildfire jumps the single road leading to rural communities. https://t.co/Tqp02peaYx,19
319,-0.34,Mon Jun 25 19:13:10 +0000 2018,0.789,0.211,0.0,@FoxNews,Glenn Beck accuses Brian Stelter of 'Trump Derangement Syndrome' https://t.co/OBc0fH6eDS,20
320,-0.4588,Mon Jun 25 19:08:48 +0000 2018,0.824,0.176,0.0,@FoxNews,"President @realDonaldTrump mocks the 'dirty' Red Hen over 'filthy' building, defends @PressSec Sarah Sanders. https://t.co/jOrv79jSAr",21
321,0.1531,Mon Jun 25 19:00:42 +0000 2018,0.617,0.173,0.21,@FoxNews,Mourners call for justice in the Pittsburgh-area shooting of Antwon Rose. https://t.co/ZT9iIXHSv1,22
322,0.6705,Mon Jun 25 19:00:41 +0000 2018,0.766,0.0,0.234,@FoxNews,"Mark Weber: ""This is hopefully an opportunity to educate the public about what this program is...and really know thâ€¦ https://t.co/jTh7crtkDZ",23
323,0.8442,Mon Jun 25 18:48:26 +0000 2018,0.676,0.0,0.324,@FoxNews,".@ChrisStirewalt: ""If we could all try to speak with as much dignity, and as much caring, and enough honesty as Chaâ€¦ https://t.co/23ju7CN6BV",24
324,0.4767,Mon Jun 25 18:37:34 +0000 2018,0.814,0.0,0.186,@FoxNews,".@POTUS on immigration: ""We want a system where when people come in illegally, they have to go out. A nice, simpleâ€¦ https://t.co/k8O2TRVwTF",25
325,-0.4939,Mon Jun 25 18:17:00 +0000 2018,0.802,0.198,0.0,@FoxNews,"Facebook rejects ads from restaurants, hair salons, because they're too 'political', report says https://t.co/CO9PJNTiJJ",26
326,-0.4404,Mon Jun 25 18:16:33 +0000 2018,0.553,0.264,0.183,@FoxNews,Couple escapes house fire on morning of wedding: 'It was a nice ending to a rather horrendous beginning' https://t.co/yW3zx0JMi4,27
327,0.4588,Mon Jun 25 18:11:14 +0000 2018,0.824,0.0,0.176,@FoxNews,MOMENTS AGO: @POTUS and @FLOTUS welcome King Abdullah II and Queen Rania of Jordan https://t.co/BXmqcYgIIG,28
328,0.0,Mon Jun 25 17:51:53 +0000 2018,1.0,0.0,0.0,@FoxNews,Farmer uses machine to toss crashed car from field as police watch https://t.co/e4Xa48mpyz,29
329,0.4767,Mon Jun 25 17:43:15 +0000 2018,0.829,0.0,0.171,@FoxNews,".@RepRussell: â€œOversight of government is essential, and that includes the FBI and our intelligence services.â€â€¦ https://t.co/ODX5VqvMT5",30
330,-0.6486,Mon Jun 25 17:29:09 +0000 2018,0.736,0.264,0.0,@FoxNews,'Pawn Stars' staple Richard Harrison dead: 5 fast facts about the 'Old Man' https://t.co/ffnuW4xkJb,31
331,-0.296,Mon Jun 25 17:11:49 +0000 2018,0.82,0.18,0.0,@FoxNews,"Chicago police find 1,500 pounds of pot during traffic stop https://t.co/t0Vgpi16dV",32
332,-0.7351,Mon Jun 25 17:09:22 +0000 2018,0.617,0.383,0.0,@FoxNews,"SeaWorld officials 'heartbroken' after girl, 5, fatally struck in parking lot https://t.co/CB61HSUOZx",33
333,0.0,Mon Jun 25 17:01:07 +0000 2018,1.0,0.0,0.0,@FoxNews,Man in suit paddleboards to work across Hudson River https://t.co/WVCyGUkQnl https://t.co/RKUYGmorx3,34
334,0.0,Mon Jun 25 16:58:51 +0000 2018,1.0,0.0,0.0,@FoxNews,.@Richardafowler: â€œI would rather see this president spend his time fixing our relationship with Canada and Germanyâ€¦ https://t.co/OZ3gJm3XHD,35
335,0.2263,Mon Jun 25 16:45:00 +0000 2018,0.826,0.0,0.174,@FoxNews,"Maryland man blows out tire, surprised by police reaction https://t.co/Z4XDS4StXK",36
336,0.0,Mon Jun 25 16:43:09 +0000 2018,1.0,0.0,0.0,@FoxNews,Photo of the Day: A Pieridae butterfly sits on a lavender field in Germany. https://t.co/K8UOxAqYRm,37
337,0.0,Mon Jun 25 16:36:00 +0000 2018,1.0,0.0,0.0,@FoxNews,".@RCamposDuffy: ""The legislation thatâ€™s been put forward hits all four pillars that the president laid out.""â€¦ https://t.co/fTaOyA6eLS",38
338,0.0,Mon Jun 25 16:30:00 +0000 2018,1.0,0.0,0.0,@FoxNews,.@HouseGOP leaders aiming for vote on compromise immigration bill this week #Outnumbered https://t.co/yi85avqAhK,39
339,0.0,Mon Jun 25 16:23:08 +0000 2018,1.0,0.0,0.0,@FoxNews,OPINION: Trump's idea to merge education and labor departments makes a lot of sense https://t.co/r9mEFfinhH,40
340,-0.6597,Mon Jun 25 16:17:26 +0000 2018,0.714,0.286,0.0,@FoxNews,"Florida hit-and-run driver â€˜purposelyâ€™ mowed down family, killing father, police say https://t.co/BSYyof3CX0",41
341,0.0,Mon Jun 25 16:16:23 +0000 2018,1.0,0.0,0.0,@FoxNews,RT @FoxBusiness: Trump Space Force could fuel next trillion-dollar economy: Morgan Stanley https://t.co/AI0uHqMv7V,42
342,0.0,Mon Jun 25 16:12:00 +0000 2018,1.0,0.0,0.0,@FoxNews,"Hezbollah reportedly claims Facebook, Twitter have disabled their main accounts https://t.co/QAJbAIyaGo (via @christocarbone)",43
343,0.0,Mon Jun 25 16:08:48 +0000 2018,1.0,0.0,0.0,@FoxNews,RT @FoxBusiness: Harley-Davidson to take big hit from EU tariffs. https://t.co/hgVwmS8pf6 https://t.co/1swlILT4cS,44
344,-0.7906,Mon Jun 25 15:56:48 +0000 2018,0.533,0.467,0.0,@FoxNews,Sprint car driver Jason Johnson dead after racing crash https://t.co/z3e08q4uvQ,45
345,0.0,Mon Jun 25 15:47:47 +0000 2018,1.0,0.0,0.0,@FoxNews,Dow down on trade concerns @AmericaNewsroom https://t.co/rp0I1bGdKG,46
346,0.2023,Mon Jun 25 15:40:07 +0000 2018,0.909,0.0,0.091,@FoxNews,RT @FoxBusiness: Treasury Secretary @stevenmnuchin1 tweeted his response to reports of @POTUS' plan to bar Chinese companies from investingâ€¦,47
347,-0.7717,Mon Jun 25 15:38:06 +0000 2018,0.66,0.34,0.0,@FoxNews,"Breaking News: California fire captain dead, another firefighter wounded in shooting at apartment complex https://t.co/K4jyD2jNnR",48
348,0.6369,Mon Jun 25 15:28:26 +0000 2018,0.819,0.0,0.181,@FoxNews,Legendary filmmaker David Lynch said Saturday that President Trump could go down to be one of the greatest presidenâ€¦ https://t.co/rI9qGIzQ7n,49
349,0.0,Mon Jun 25 15:20:37 +0000 2018,1.0,0.0,0.0,@FoxNews,"Shooting at California senior-living apartment complex leaves 3 wounded, including 2 firefighters https://t.co/K4jyD2jNnR",50
350,-0.3818,Mon Jun 25 15:10:22 +0000 2018,0.602,0.259,0.139,@FoxNews,"Protesters swarm Iran's Grand Bazaar in Tehran, force shops to close in anger over economy https://t.co/JzcksP2iLD",51
351,0.4404,Mon Jun 25 14:58:39 +0000 2018,0.755,0.0,0.245,@FoxNews,RT @FoxBusiness: Lockheed Martin secures $1.2B contract to sell new F-16 fighter jets https://t.co/loQe5TmUXK,52
352,-0.6486,Mon Jun 25 14:50:12 +0000 2018,0.777,0.223,0.0,@FoxNews,"Masked men terrorize Texas family, burn child with hot water during home invasion, officials say https://t.co/aOCuTW2fcs",53
353,-0.6486,Mon Jun 25 14:37:32 +0000 2018,0.736,0.264,0.0,@FoxNews,JUST IN: Richard 'Old Man' Harrison of 'Pawn Stars' dead at 77 https://t.co/0masYBkXz3,54
354,0.0,Mon Jun 25 14:36:50 +0000 2018,1.0,0.0,0.0,@FoxNews,".@GOPLeader: â€œFor the first time in America, there are more jobs offered than people actually looking for it. Thisâ€¦ https://t.co/6TGkHoffUe",55
355,0.0,Mon Jun 25 14:33:57 +0000 2018,1.0,0.0,0.0,@FoxNews,".@GOPLeader: â€œThere will be a vote this week, and not only will it put the money forward for the wall, it will tieâ€¦ https://t.co/N4TEzqtapI",56
356,-0.5574,Mon Jun 25 14:31:21 +0000 2018,0.795,0.205,0.0,@FoxNews,"RT @Fox411: Richard 'Old Man' Harrison, of 'Pawn Stars,' has died at 77 https://t.co/dBXTpKG8Ep https://t.co/S79tKzBUp8",57
357,-0.3237,Mon Jun 25 14:23:55 +0000 2018,0.794,0.131,0.075,@FoxNews,.@GOPLeader: â€œWe know the border is not secureâ€¦The president has been working to solve this problem. Weâ€™ve got to bâ€¦ https://t.co/UC1QpwkTQz,58
358,-0.25,Mon Jun 25 14:20:56 +0000 2018,0.523,0.267,0.209,@FoxNews,'Making a Murderer' case will not be heard by Supreme Court https://t.co/cRo1AYD4pJ,59
359,0.3612,Mon Jun 25 13:58:08 +0000 2018,0.828,0.0,0.172,@FoxNews,Restaurant apologizes to transgender woman unlawfully hassled for ID before using restroom https://t.co/n2CLdOCBA2,60
360,-0.4767,Mon Jun 25 13:15:34 +0000 2018,0.78,0.22,0.0,@FoxNews,McCaskill suffers cracked rib after Manchin performs Heimlich maneuver on her https://t.co/vLpXaZkn6Z,61
361,0.0,Mon Jun 25 13:12:42 +0000 2018,1.0,0.0,0.0,@FoxNews,China looks to bolster surveillance network with birdlike drones https://t.co/lY5NfM3Wrd,62
362,0.0,Mon Jun 25 13:07:23 +0000 2018,1.0,0.0,0.0,@FoxNews,.@DevinNunes: â€œI donâ€™t think they are going to meet the deadline.â€ https://t.co/zRli41XgQy,63
363,0.0,Mon Jun 25 13:05:01 +0000 2018,1.0,0.0,0.0,@FoxNews,"North Korea's anti-US souvenirs, posters reportedly disappearing in wake of Trump-Kim summit https://t.co/prYDIRlxne",64
364,-0.7184,Mon Jun 25 12:58:02 +0000 2018,0.76,0.24,0.0,@FoxNews,"â€œI am not going to be bullied by them.â€

@AGPamBondi on protesters heckling her outside a showing of Mr. Rogers docâ€¦ https://t.co/LFwIleoypq",65
365,-0.0516,Mon Jun 25 12:42:17 +0000 2018,0.728,0.141,0.131,@FoxNews,NFL's only active player to hold medical degree denied request to put 'MD' on jersey: report https://t.co/f3njtJno2C,66
366,-0.4588,Mon Jun 25 12:25:46 +0000 2018,0.812,0.188,0.0,@FoxNews,"Trump mocks 'dirty' Red Hen over 'filthy' building, defends Sarah Sanders - via @brookefoxnews 
https://t.co/nrLAyNSIcL",67
367,0.6369,Mon Jun 25 12:23:29 +0000 2018,0.756,0.0,0.244,@FoxNews,Filmmaker David Lynch believes Trump could be one of greatest presidents in history https://t.co/6V40OoJuuX,68
368,-0.3612,Mon Jun 25 12:01:01 +0000 2018,0.8,0.2,0.0,@FoxNews,'Westworld' star Evan Rachel Wood goes on hunger strike for families separated at US border https://t.co/HyrVPAhaD6,69
369,0.25,Mon Jun 25 11:29:20 +0000 2018,0.857,0.0,0.143,@FoxNews,Mark Warner reportedly jokes about revealing info on Russia probe at fundraiser https://t.co/r6PsIZJD3t,70
370,0.6369,Mon Jun 25 11:15:51 +0000 2018,0.698,0.0,0.302,@FoxNews,".@FLOTUS: ""Treat your community like your family and look out for one another."" https://t.co/2Q5wzunzds",71
371,-0.34,Mon Jun 25 11:11:18 +0000 2018,0.769,0.231,0.0,@FoxNews,Koreas discuss removing North's artillery from tense border https://t.co/2tFlC2vgKe,72
372,-0.2263,Mon Jun 25 11:04:57 +0000 2018,0.863,0.137,0.0,@FoxNews,China blocks HBO's website after John Oliver's segment on Xi Jinping: report https://t.co/xw4qN47q8H,73
373,0.0,Mon Jun 25 10:55:25 +0000 2018,1.0,0.0,0.0,@FoxNews,"Houston Astros player switches look during game, still goes hitless https://t.co/6VtE8bgl5D",74
374,0.6249,Mon Jun 25 10:38:01 +0000 2018,0.837,0.0,0.163,@FoxNews,.@ZTB: â€œThey donâ€™t have a message and we doâ€¦ Weâ€™re trying to make this country great again and Iâ€™m behind it 100%.â€ https://t.co/ZXUL0PTUBt,75
375,0.8176,Mon Jun 25 10:36:00 +0000 2018,0.678,0.0,0.322,@FoxNews,.@ZTB: â€œThe party of tolerance is only tolerant if you agree with themâ€¦ You either fall in line or get out of line.â€ https://t.co/QPD50u3Fry,76
376,-0.5719,Mon Jun 25 10:34:13 +0000 2018,0.844,0.156,0.0,@FoxNews,".@ZTB: â€œIf your message is hate Trump, youâ€™re really not getting very farâ€¦ with your agenda and what youâ€™re tryingâ€¦ https://t.co/DGQTlXGvi9",77
377,-0.6486,Mon Jun 25 10:22:09 +0000 2018,0.751,0.249,0.0,@FoxNews,"Scientist shot dead in front of daughters, 2 and 4, during California camping trip https://t.co/JitRKKQW5X",78
378,0.0,Mon Jun 25 10:10:53 +0000 2018,1.0,0.0,0.0,@FoxNews,16-year-old NASCAR driver receives high school diploma before race https://t.co/ZZyUwnU5SL,79
379,0.34,Mon Jun 25 10:08:59 +0000 2018,0.702,0.0,0.298,@FoxNews,Trump's challenge coins create both controversy and cash grab https://t.co/onL9K9Fq4Y,80
380,0.0,Mon Jun 25 09:52:49 +0000 2018,1.0,0.0,0.0,@FoxNews,OPINION: Red Hen teaches Sarah Huckabee Sanders that Virginia is for PC bullies (not for lovers) https://t.co/jd1kIQQRmR,81
381,0.2023,Mon Jun 25 09:48:52 +0000 2018,0.696,0.127,0.177,@FoxNews,Dog stuck on roof of Minnesota home is brought inside to safety https://t.co/lrmyvXb8nn,82
382,-0.3182,Mon Jun 25 09:45:18 +0000 2018,0.753,0.247,0.0,@FoxNews,"Algeria abandons 13,000 migrants in the Sahara https://t.co/f9tBNEEslc",83
383,0.4215,Mon Jun 25 09:38:45 +0000 2018,0.851,0.0,0.149,@FoxNews,.@AlexandraCSmith: â€œI have faith that total denuclearization will be a reality just because of the Trump administraâ€¦ https://t.co/6cy0MT8IRF,84
384,0.2732,Mon Jun 25 09:26:02 +0000 2018,0.851,0.0,0.149,@FoxNews,"Sarah Sanders booted so restaurant could uphold 'certain standards,' co-owner says: report https://t.co/AAw9zwQ2R4",85
385,0.743,Mon Jun 25 09:23:34 +0000 2018,0.526,0.0,0.474,@FoxNews,Friends and family gather to honor Charles Krauthammer https://t.co/s10OhueFNR,86
386,0.0,Mon Jun 25 09:22:34 +0000 2018,1.0,0.0,0.0,@FoxNews,President @realDonaldTrump to host Jordanian King at @WhiteHouse https://t.co/AmzUCQoAJL,87
387,0.0,Mon Jun 25 09:19:42 +0000 2018,1.0,0.0,0.0,@FoxNews,US to present North Korea with post-summit 'asks': report https://t.co/8QZTY33N8V https://t.co/JzP7pkQTmX,88
388,-0.25,Mon Jun 25 09:02:22 +0000 2018,0.846,0.154,0.0,@FoxNews,".@GordonGChang: ""North Korea, for decades, has had...anti-U.S. propaganda. It's all stopped."" https://t.co/eKpIDqm0Ph",89
389,-0.8225,Mon Jun 25 09:00:01 +0000 2018,0.631,0.369,0.0,@FoxNews,Roseanne Barr breaks down in first interview since ABC fired her over racist tweet https://t.co/AhN1gky2Rw,90
390,0.743,Mon Jun 25 08:55:00 +0000 2018,0.69,0.0,0.31,@FoxNews,Laura Ingalls Wilder's name pulled from library award over 'stereotypical attitudes' in her popular books https://t.co/OY63IePXlM,91
391,0.0,Mon Jun 25 08:50:00 +0000 2018,1.0,0.0,0.0,@FoxNews,North Korea skips annual 'anti-US imperialism' rally https://t.co/inyrAjGcM0,92
392,-0.2263,Mon Jun 25 08:45:00 +0000 2018,0.853,0.147,0.0,@FoxNews,"Indonesia finds suspected location of sunken ferry 1,607 feet below surface https://t.co/zYHHkh6VFo",93
393,0.0,Mon Jun 25 08:43:55 +0000 2018,1.0,0.0,0.0,@FoxNews,".@JoeBorelliNYC: ""If Republicans don't get their act together...they are going to take a little bit of a hit."" https://t.co/qMNDNjqVc2",94
394,0.25,Mon Jun 25 08:38:07 +0000 2018,0.787,0.087,0.126,@FoxNews,".@AmbassadorSujay: ""A lot of people have been helped by ObamaCare. We are the country that had no care for our peopâ€¦ https://t.co/GYWBmWU2Rj",95
395,-0.5423,Mon Jun 25 08:35:00 +0000 2018,0.72,0.28,0.0,@FoxNews,Authorities seek clues in fatal shooting at California campsite https://t.co/LKUhdFEUkZ,96
396,0.6369,Mon Jun 25 08:28:31 +0000 2018,0.698,0.0,0.302,@FoxNews,".@FLOTUS: ""Treat your community like your family and look out for one another."" https://t.co/lFAxZawFM6",97
397,-0.7096,Mon Jun 25 08:24:24 +0000 2018,0.704,0.296,0.0,@FoxNews,"West Virginia man accused of trying to drown wife, kids in tub to 'baptize' them https://t.co/kUVZvVCZOp",98
398,0.0,Mon Jun 25 08:22:55 +0000 2018,1.0,0.0,0.0,@FoxNews,".@jonnaspilborlaw: ""We need a way to hold the DOJ accountable that really has some bite to it, and we simply don'tâ€¦ https://t.co/AHwIcsEjSr",99
399,0.0,Mon Jun 25 08:17:13 +0000 2018,1.0,0.0,0.0,@FoxNews,President @realDonaldTrump to host Jordan's king at the @WhiteHouse today https://t.co/vbqcpBADla,100
400,-0.4019,Mon Jun 25 21:05:03 +0000 2018,0.634,0.249,0.117,@nytimes,"Breaking News: The border security agency temporarily stopped handing over migrant families for prosecution, effectâ€¦ https://t.co/Pp33VsWYHF",1
401,0.6486,Mon Jun 25 20:50:07 +0000 2018,0.736,0.0,0.264,@nytimes,Our newsroom doesnâ€™t have a poet laureate. But this guy is pretty close. https://t.co/6TQsWltyTM,2
402,0.0,Mon Jun 25 20:40:04 +0000 2018,1.0,0.0,0.0,@nytimes,"RT @joncaramanica: Iâ€™ve interviewed Kanye at length 4 times

2007
https://t.co/tHUS7uplyL

2013
https://t.co/t1bH3yQ1dz

2015
https://t.co/â€¦",3
403,0.0772,Mon Jun 25 20:30:05 +0000 2018,0.86,0.0,0.14,@nytimes,Why would a health insurer want to be a hospice? https://t.co/TWCB9BuZBQ,4
404,-0.3182,Mon Jun 25 20:20:05 +0000 2018,0.901,0.099,0.0,@nytimes,"RT @DanaGoldstein: My new piece on a national trend: thereâ€™s concern about the â€œexcellence gap,â€ a lack of racial and class equity in gifteâ€¦",5
405,0.0,Mon Jun 25 20:10:03 +0000 2018,1.0,0.0,0.0,@nytimes,Here is what we know about the 300 some children who were separated from their parents and quietly dropped on New Yâ€¦ https://t.co/7nHpbf1lN0,6
406,-0.128,Mon Jun 25 20:00:08 +0000 2018,0.69,0.192,0.118,@nytimes,A Times reporter's past affair with a security aide. A leak inquiry alarming First Amendment groups. Inside the casâ€¦ https://t.co/4p45L2AxTL,7
407,0.4939,Mon Jun 25 19:50:05 +0000 2018,0.833,0.0,0.167,@nytimes,FIFA fined 3 Switzerland players for flashing a hand gesture with political overtones in a World Cup match againstâ€¦ https://t.co/ghSvULF2Sn,8
408,-0.1779,Mon Jun 25 19:40:05 +0000 2018,0.786,0.122,0.092,@nytimes,RT @peterbakernyt: The so-called yield curve is perilously close to predicting a recession â€” something it has done before with surprising aâ€¦,9
409,-0.3875,Mon Jun 25 19:30:07 +0000 2018,0.866,0.134,0.0,@nytimes,"""I don't know how it works and I don't care. Never eating instant ramen any other way again."" https://t.co/deYJCW2XeO",10
410,0.0,Mon Jun 25 19:25:07 +0000 2018,1.0,0.0,0.0,@nytimes,RT @katie_thomas: A wave of breakthrough drugs is transforming the medical world. But what if some of these expensive drugs don't work thatâ€¦,11
411,-0.7579,Mon Jun 25 19:15:13 +0000 2018,0.667,0.333,0.0,@nytimes,The evidence combined exposes Syria and Russiaâ€™s lies. Our conclusion: Bashar al-Assad used a chlorine bomb to gasâ€¦ https://t.co/8g4ZveDNS7,12
412,0.2023,Mon Jun 25 19:14:43 +0000 2018,0.735,0.118,0.147,@nytimes,"We also analyzed the bomb itself, studying the debris, the damage it caused and the corrosion on its casing. This eâ€¦ https://t.co/0BsTfRzZCD",13
413,-0.5574,Mon Jun 25 19:12:15 +0000 2018,0.847,0.153,0.0,@nytimes,"We were able to reconstruct the buildingâ€™s layout, confirming that this is where at least 34 people died â€” men, womâ€¦ https://t.co/Bmhq3UdFUb",14
414,0.0,Mon Jun 25 19:08:05 +0000 2018,1.0,0.0,0.0,@nytimes,"We gathered a vast trove of information, using 67 videos filmed by witnesses and images broadcast by Russian TV. Weâ€¦ https://t.co/71ylHI5fZ3",15
415,0.3818,Mon Jun 25 19:03:34 +0000 2018,0.874,0.0,0.126,@nytimes,"We focused on one street where entire buildings were leveled by conventional bombs. Then, we identified a single apâ€¦ https://t.co/vqMHb54WbS",16
416,-0.8225,Mon Jun 25 19:00:35 +0000 2018,0.691,0.309,0.0,@nytimes,"Dozens of people were killed in a chemical attack in Douma, Syria in April, triggering U.S.-led airstrikes inside tâ€¦ https://t.co/6vEKYXXp9f",17
417,-0.2732,Mon Jun 25 18:50:09 +0000 2018,0.684,0.179,0.137,@nytimes,"The Supreme Court declined to hear the appeal of Brendan Dassey, whose murder conviction was documented in the Netfâ€¦ https://t.co/5FkFRkXNwK",18
418,0.0,Mon Jun 25 18:40:05 +0000 2018,1.0,0.0,0.0,@nytimes,"RT @nytimesarts: We spent three days in Wyoming with Kanye West, hip-hop's biggest firebrand, as he tended to his scars https://t.co/zHuBTSâ€¦",19
419,0.0,Mon Jun 25 18:30:03 +0000 2018,1.0,0.0,0.0,@nytimes,5 takeaways from Turkeyâ€™s election https://t.co/HLKyEyIw5l,20
420,0.5106,Mon Jun 25 18:20:06 +0000 2018,0.717,0.082,0.201,@nytimes,"RT @nytimesarts: We rounded up a selection of good reads to help you sort through that bizarre ""Westworld"" finale. Dig into them here: httpâ€¦",21
421,-0.2124,Mon Jun 25 18:13:01 +0000 2018,0.785,0.123,0.093,@nytimes,"David de Gea may be the best goalkeeper in the world, but heâ€™s the only keeper without a save in the World Cup. Livâ€¦ https://t.co/XKylRT7JYQ",22
422,0.8807,Mon Jun 25 18:03:39 +0000 2018,0.673,0.0,0.327,@nytimes,Portugal has won 10 of their last 11 World Cup games. So itâ€™ll take something special for Iran to win today. Live uâ€¦ https://t.co/BPLrUUmV7X,23
423,-0.4404,Mon Jun 25 17:45:07 +0000 2018,0.847,0.153,0.0,@nytimes,A small dagger. 2 arrowheads. A wooden block with a deer's antler. Archaeologists study what Ã–tzi the Iceman did wiâ€¦ https://t.co/6BmEw4JnBN,24
424,0.5574,Mon Jun 25 17:35:03 +0000 2018,0.806,0.0,0.194,@nytimes,RT @adamliptak: Supreme Court wonâ€™t hear appeal from â€œMaking a Murdererâ€ subject Brendan Dassey.  Background here:  https://t.co/6hys9zEvUn,25
425,-0.6369,Mon Jun 25 17:25:06 +0000 2018,0.743,0.257,0.0,@nytimes,"John Oliver condemned Chinaâ€™s human rights record and mocked its president, Xi Jinping, for censoring Winnie-the-Poâ€¦ https://t.co/oR7k39Yvrr",26
426,0.0,Mon Jun 25 17:15:06 +0000 2018,1.0,0.0,0.0,@nytimes,"""Our concern is about the rain. The water inside the cave keeps rising."" https://t.co/CLsZukXvRK",27
427,0.25,Mon Jun 25 17:05:15 +0000 2018,0.917,0.0,0.083,@nytimes,"RT @NYTNational: Scenes from the border: Families are camped in the Mexican town of Nogales, waiting for their chance to petition for asyluâ€¦",28
428,0.0,Mon Jun 25 16:55:05 +0000 2018,1.0,0.0,0.0,@nytimes,"Sleep apnea can be downright deadly, and not just for those who have it. https://t.co/Isc5lOrEwH",29
429,0.5994,Mon Jun 25 16:45:04 +0000 2018,0.843,0.0,0.157,@nytimes,"â€œDuring the NCAA tournament, Super Bowl week, any big event, you canâ€™t get a room in Las Vegas and Atlantic City isâ€¦ https://t.co/8EBQd4MtAI",30
430,0.765,Mon Jun 25 16:35:05 +0000 2018,0.552,0.123,0.325,@nytimes,RT @TimHerrera: You know that weird mix of pride and jealousy you feel when a friend excels at â€œyourâ€ thing? Hereâ€™s where that feeling comeâ€¦,31
431,-0.1531,Mon Jun 25 16:25:06 +0000 2018,0.922,0.078,0.0,@nytimes,"Many have accused Harvey Weinstein of sexual misconduct, but he faces trial in only 2 cases. Should the other womenâ€¦ https://t.co/IfRWWW6QDr",32
432,0.0,Mon Jun 25 16:15:06 +0000 2018,1.0,0.0,0.0,@nytimes,"RT @nytopinion: Strip all the other rationales away from this draconian immigration policy, writes @CharlesMBlow. This is at the core: Whitâ€¦",33
433,0.0,Mon Jun 25 16:05:06 +0000 2018,1.0,0.0,0.0,@nytimes,Here's every team's path to the next round (except for those who have none) https://t.co/T9KRNxBVvH,34
434,0.0,Mon Jun 25 15:55:08 +0000 2018,1.0,0.0,0.0,@nytimes,The â€œachievement gapâ€ has been the focus of much education policy for decades. Now educators are concerned with theâ€¦ https://t.co/e74KrC5YPP,35
435,-0.8271,Mon Jun 25 15:45:07 +0000 2018,0.722,0.278,0.0,@nytimes,RT @nytvideo: One chlorine bomb. Two floors of an apartment building. Dozens killed in Syria. Our visual investigation is the most detailedâ€¦,36
436,0.0,Mon Jun 25 15:35:03 +0000 2018,1.0,0.0,0.0,@nytimes,Mo Salah is said to be considering retiring from Egypt's national soccer team after an uproar over his interactionsâ€¦ https://t.co/nNqjkFSU3F,37
437,0.0,Mon Jun 25 15:25:05 +0000 2018,1.0,0.0,0.0,@nytimes,"RT @joncaramanica: 3 days in Wyoming with Kanye
https://t.co/q1mBJTs0YD",38
438,-0.3612,Mon Jun 25 15:15:05 +0000 2018,0.878,0.122,0.0,@nytimes,President Trump criticized Jimmy Fallon on Twitter. Fallon responded by saying he would make a donation in the presâ€¦ https://t.co/SxJ9qX4176,39
439,0.4019,Mon Jun 25 15:05:06 +0000 2018,0.876,0.0,0.124,@nytimes,"Cyclists in Los Angeles draw a special kind of vitriol from drivers in America's car capital. Now, riders are tryinâ€¦ https://t.co/Kxfr6K20FI",40
440,-0.765,Mon Jun 25 14:57:41 +0000 2018,0.777,0.223,0.0,@nytimes,It's going from bad to worse for Russia as they face Uruguay. Russia is down 2-0 and is down to 10 men. Live updateâ€¦ https://t.co/ZB5hiZ49g8,41
441,-0.1779,Mon Jun 25 14:45:10 +0000 2018,0.766,0.134,0.1,@nytimes,The yield curve is perilously close to predicting a recession â€” something it has done before with surprising accuraâ€¦ https://t.co/ljg0sYrgQx,42
442,-0.3182,Mon Jun 25 14:35:06 +0000 2018,0.905,0.095,0.0,@nytimes,"""If export markets get shut off, I could see us getting to the point where weâ€™re dumping our milk in the fields,"" sâ€¦ https://t.co/tQp4PrDd7u",43
443,-0.1786,Mon Jun 25 14:25:05 +0000 2018,0.918,0.082,0.0,@nytimes,RT @ScottShaneNYT: Never easy to write about a colleague. But here's what @grynbaum @FlitterOnFraud and I found in a deeper look at a veryâ€¦,44
444,-0.3612,Mon Jun 25 14:14:20 +0000 2018,0.821,0.179,0.0,@nytimes,Harley-Davidson will shift some U.S. production abroad to avoid European Union tariffs imposed in retaliation to Prâ€¦ https://t.co/FzOJvYU5gR,45
445,0.8176,Mon Jun 25 14:13:34 +0000 2018,0.737,0.0,0.263,@nytimes,"Suarez took a free kick from inches outside the box, and sent it perfectly into the corner of the net. Follow for lâ€¦ https://t.co/4QuaXbkUOC",46
446,0.0,Mon Jun 25 14:11:01 +0000 2018,1.0,0.0,0.0,@nytimes,"""Taking a child away from their parents is a profound act. The only reason we do it in America is because we have dâ€¦ https://t.co/R9HoCVJFht",47
447,0.0,Mon Jun 25 14:00:04 +0000 2018,1.0,0.0,0.0,@nytimes,"""We need to be able to be in situations where you can be irresponsible,"" Kanye West said. ""That's one of the greatâ€¦ https://t.co/EhQizWxxPH",48
448,0.25,Mon Jun 25 13:45:05 +0000 2018,0.909,0.0,0.091,@nytimes,"""We now have concrete evidence that Scott Pruitt offered to use taxpayer resources to do favors for the lobbyist whâ€¦ https://t.co/PTfP1v3otP",49
449,-0.2263,Mon Jun 25 13:30:05 +0000 2018,0.909,0.091,0.0,@nytimes,A 15-year-old migrant boy who was housed in a large shelter in Texas walked off its premises and disappeared into tâ€¦ https://t.co/WkkQV2ez2G,50
450,-0.5719,Mon Jun 25 13:20:06 +0000 2018,0.701,0.299,0.0,@nytimes,President Trump criticized a Virginia restaurant that refused to serve Sarah Huckabee Sanders https://t.co/xT8RmHO2N7,51
451,0.4019,Mon Jun 25 13:10:08 +0000 2018,0.886,0.0,0.114,@nytimes,"""What I have inside of me is an undeveloped baby,"" she recalled telling the pharmacist. ""I need this to help get itâ€¦ https://t.co/n8gTWuVgaM",52
452,0.0,Mon Jun 25 13:00:20 +0000 2018,1.0,0.0,0.0,@nytimes,Morning Briefing: Here's what you need to know to start your day https://t.co/dEirVcLUAd https://t.co/cVc1GvrrZJ,53
453,-0.5106,Mon Jun 25 12:50:03 +0000 2018,0.837,0.163,0.0,@nytimes,Trump administration officials rejected a study by the Department of Health and Human Services that found that refuâ€¦ https://t.co/slQgtgnPln,54
454,0.6908,Mon Jun 25 12:39:04 +0000 2018,0.769,0.0,0.231,@nytimes,"The Season 2 finale of ""Westworld"" may not have been the best episode, but it was certainly the most ""Westworld"" epâ€¦ https://t.co/Kpc3yBKwrN",55
455,0.2023,Mon Jun 25 12:30:09 +0000 2018,0.909,0.0,0.091,@nytimes,"The dairy industry now faces substantial tariffs on products it exports as Mexico, Canada and other countries retalâ€¦ https://t.co/zCgYw2N3cR",56
456,0.0,Mon Jun 25 12:20:05 +0000 2018,1.0,0.0,0.0,@nytimes,"David Bossie, President Trump's former deputy campaign manager, told a black guest on Fox News, ""You're out of yourâ€¦ https://t.co/D0JYJJ2FOy",57
457,-0.8271,Mon Jun 25 12:11:03 +0000 2018,0.7,0.3,0.0,@nytimes,One chlorine bomb. Two floors of an apartment building. Dozens killed in Syria. Our visual investigation is the mosâ€¦ https://t.co/sRWBWVg71a,58
458,0.4215,Mon Jun 25 12:00:11 +0000 2018,0.865,0.0,0.135,@nytimes,"Your daily @DealBook Briefing:

â€¢ Uber says it's changed. This week, a judge will decide if that's true.

â€¢ Trump pâ€¦ https://t.co/fioE7E3LMS",59
459,-0.2382,Mon Jun 25 11:44:05 +0000 2018,0.818,0.11,0.072,@nytimes,RT @AshleyAtTimes: The killing of Lesandro Guzman-Feliz last week could have gone unsolved like so many other crimes. But video and socialâ€¦,60
460,0.4588,Mon Jun 25 11:30:09 +0000 2018,0.84,0.0,0.16,@nytimes,"""If you want to continue down the road, then yes, ma'am, we need to know what country you're a citizen of,"" the  Boâ€¦ https://t.co/hfNlu94DGh",61
461,-0.8885,Mon Jun 25 11:20:03 +0000 2018,0.618,0.382,0.0,@nytimes,"""When youâ€™ve got a gun to your head, people threatening to rape your daughter, extort your business, force your sonâ€¦ https://t.co/HvF0g2aPpf",62
462,0.4019,Mon Jun 25 11:11:06 +0000 2018,0.661,0.11,0.229,@nytimes,Some migrant families have determined that separation or detention in the United States is preferable to remainingâ€¦ https://t.co/SmktUIwsUN,63
463,-0.0258,Mon Jun 25 11:00:06 +0000 2018,0.737,0.134,0.129,@nytimes,"Javier Solana, a former secretary general of NATO, has been denied electronic authorization to enter the United Staâ€¦ https://t.co/sw2fmi7I63",64
464,-0.296,Mon Jun 25 10:48:03 +0000 2018,0.905,0.095,0.0,@nytimes,"Many young women in Riyadh and Jidda have no plans to start driving, even though they have licenses from the Unitedâ€¦ https://t.co/gSn5a5Rpkv",65
465,0.101,Mon Jun 25 10:40:04 +0000 2018,0.721,0.153,0.127,@nytimes,"On Friday, Airbus delivered a stark warning to the British government: Give us more clarity, or we might leave theâ€¦ https://t.co/pPbVF6tWAv",66
466,0.0,Mon Jun 25 10:29:05 +0000 2018,1.0,0.0,0.0,@nytimes,"Any day now, the Israeli army says, bulldozers will wipe the West Bank Bedouin community of Khan al-Ahmar off the mâ€¦ https://t.co/8NCUhlSwRo",67
467,0.0258,Mon Jun 25 10:21:06 +0000 2018,0.942,0.0,0.058,@nytimes,Tens of thousands of Britons opposed to the countryâ€™s withdrawal from the European Union marched through the streetâ€¦ https://t.co/93nm19VvfR,68
468,0.3818,Mon Jun 25 10:15:07 +0000 2018,0.89,0.0,0.11,@nytimes,"""Wearing the same outfits that they use to farm, scarves tied around their heads to protect them from the hot sun,â€¦ https://t.co/Aovk2cRTE0",69
469,0.0,Mon Jun 25 10:05:05 +0000 2018,1.0,0.0,0.0,@nytimes,MorningÂ Briefing: Here's what you need to know to start your day https://t.co/BoodAuDptP https://t.co/gYtE9tHJpL,70
470,0.437,Mon Jun 25 10:00:22 +0000 2018,0.712,0.058,0.23,@nytimes,The Equifax data breach affected 145 million people. Most got an apology and free credit monitoring. But some foundâ€¦ https://t.co/IdtCeTRaEW,71
471,0.0,Mon Jun 25 09:44:05 +0000 2018,1.0,0.0,0.0,@nytimes,"Even after qualifying for it, thousands of people in New Zealand still must wait for public housing, sometimes forâ€¦ https://t.co/4iii1rPRyq",72
472,0.0,Mon Jun 25 09:29:06 +0000 2018,1.0,0.0,0.0,@nytimes,Uber this week begins an appeal to reverse a decision by London's regulators to revoke its operating license https://t.co/vIfGF7pjjI,73
473,-0.296,Mon Jun 25 09:16:03 +0000 2018,0.905,0.095,0.0,@nytimes,"RT @NYTFashion: It is one of the most secretive brands in the luxury business, with mysterious billionaire owners and virtually no communicâ€¦",74
474,0.4215,Mon Jun 25 09:00:20 +0000 2018,0.865,0.0,0.135,@nytimes,President Trump said that those who cross into the United States illegally should be sent back immediately withoutâ€¦ https://t.co/xvMDgnGLE2,75
475,0.4215,Mon Jun 25 08:43:05 +0000 2018,0.877,0.0,0.123,@nytimes,"Parents of more than 2,300 children who were separated after their arrival in the United States now face lengthy buâ€¦ https://t.co/uLotoErlgX",76
476,0.0,Mon Jun 25 08:32:07 +0000 2018,1.0,0.0,0.0,@nytimes,"The Hungarian State Opera canceled performances of the musical ""Billy Elliot,"" after a newspaper columnist accusedâ€¦ https://t.co/7PKl55TmFF",77
477,0.2975,Mon Jun 25 08:16:04 +0000 2018,0.905,0.0,0.095,@nytimes,"""They have a right to seek asylum, and that isn't being guaranteed at the moment. It's kind of like you are jailedâ€¦ https://t.co/aXJFB7RI25",78
478,0.3612,Mon Jun 25 07:59:05 +0000 2018,0.695,0.104,0.201,@nytimes,"For the second time this month, the authorities in Italy and Malta are refusing to allow a rescue ship with hundredâ€¦ https://t.co/TlAM6svKWy",79
479,-0.5574,Mon Jun 25 07:46:03 +0000 2018,0.865,0.135,0.0,@nytimes,"RT @nytimesworld: Kim Jong-pil, who died Saturday at 92, was the last of the â€œThree Kimsâ€ who dominated South Korean politics for decades hâ€¦",80
480,0.4939,Mon Jun 25 07:30:06 +0000 2018,0.792,0.0,0.208,@nytimes,"Turkish voters gave Recep Tayyip Erdogan a decisive victory in national elections on Sunday, granting him vastly exâ€¦ https://t.co/AiAYjFEmK1",81
481,0.0,Mon Jun 25 07:21:24 +0000 2018,1.0,0.0,0.0,@nytimes,Elizabeth Warren denounced President Trump's policies in Reno. Hours later he responded in Las Vegas with a slur. Sâ€¦ https://t.co/Uf4Hxj1D3I,82
482,-0.4588,Mon Jun 25 07:04:09 +0000 2018,0.8,0.2,0.0,@nytimes,Ever Felt Jealous of a Friendâ€™s Accomplishment? Hereâ€™s How to Get Around It https://t.co/vxekIjSsRM,83
483,0.0,Mon Jun 25 06:49:35 +0000 2018,1.0,0.0,0.0,@nytimes,Germany and Italy at Odds as Leaders Confer on Migration https://t.co/ZpPNLj0y0r,84
484,-0.3291,Mon Jun 25 06:38:54 +0000 2018,0.85,0.15,0.0,@nytimes,"The Warped Tour has showcased female stars over the years, including No Doubt, Katy Perry and Paramore, but its genâ€¦ https://t.co/ldFiKwHH5U",85
485,0.0,Mon Jun 25 06:22:02 +0000 2018,1.0,0.0,0.0,@nytimes,Former editors and reporters from The Denver Post are starting their own news outlet called The Colorado Sun https://t.co/akBrZbuUBC,86
486,0.296,Mon Jun 25 06:05:32 +0000 2018,0.784,0.0,0.216,@nytimes,"Nina Simone's childhood home is now a National Treasure
https://t.co/btTjQ7mHm5",87
487,0.0,Mon Jun 25 05:49:26 +0000 2018,1.0,0.0,0.0,@nytimes,We've brought you a new way to follow all of the World Cup action. Sign up for direct messages from @NYTsports in Râ€¦ https://t.co/W7Z8awykrK,88
488,0.0,Mon Jun 25 05:31:58 +0000 2018,0.8,0.1,0.1,@nytimes,"RT @nytimestravel: The mayor of Palma de Majorica is banning short-term rentals through sites like Airbnb, as residents complain they are aâ€¦",89
489,0.0,Mon Jun 25 05:15:49 +0000 2018,1.0,0.0,0.0,@nytimes,This tent city houses migrant children between 13 and 17. Reporters havenâ€™t been allowed in â€” so we used aerial imaâ€¦ https://t.co/QgnjzX6tQ3,90
490,0.0,Mon Jun 25 05:00:57 +0000 2018,1.0,0.0,0.0,@nytimes,"Yayoi Kusama first presented ""Narcissus Garden"" at the 1966 Venice Biennale. On July 1, it comes to the Rockaways. https://t.co/ZwlF9dq1yn",91
491,-0.4767,Mon Jun 25 04:44:39 +0000 2018,0.846,0.154,0.0,@nytimes,Elon Musk said a disgruntled employee had broken into Tesla's computer systems in an attempt to disrupt manufacturiâ€¦ https://t.co/VUPvO047BE,92
492,0.0,Mon Jun 25 04:30:06 +0000 2018,1.0,0.0,0.0,@nytimes,"""There is a stream of bourbon and water running down the hillside that has taken much time to properly and thoroughâ€¦ https://t.co/SNwu6vCTrL",93
493,0.0,Mon Jun 25 04:18:18 +0000 2018,1.0,0.0,0.0,@nytimes,Uber Claims to Have Changed. A London Judge Will Decide. https://t.co/KPUDqz5fDp,94
494,0.4404,Mon Jun 25 04:15:28 +0000 2018,0.884,0.0,0.116,@nytimes,"75% of Americans say immigration is good for the nation, the most to say so since at least 2001, according to a newâ€¦ https://t.co/xAgsefAcTs",95
495,0.25,Mon Jun 25 04:00:40 +0000 2018,0.875,0.0,0.125,@nytimes,The current system favors low-risk research and proposals by older scientists and white men https://t.co/146dobJptF,96
496,0.0,Mon Jun 25 03:42:47 +0000 2018,1.0,0.0,0.0,@nytimes,Astronomers have discovered thousands of exoplanets circling other stars within our galaxy. Is life only possible oâ€¦ https://t.co/x0UltP8oNg,97
497,-0.6429,Mon Jun 25 03:23:33 +0000 2018,0.764,0.236,0.0,@nytimes,"â€œIâ€™m not 20. I donâ€™t want to be 20, but Iâ€™m really freaking cool.â€ Meet the grandmas of Instagram. https://t.co/duHxApd9iL",98
498,0.8109,Mon Jun 25 03:05:14 +0000 2018,0.731,0.0,0.269,@nytimes,"""YES WE ALL CARE. Y-DONâ€™T-U.""

See some of the messages that people are painting and taping on their jackets in resâ€¦ https://t.co/GJrDqwWxXw",99
499,-0.6597,Mon Jun 25 02:50:48 +0000 2018,0.694,0.306,0.0,@nytimes,â€˜A Catharsis Sculptureâ€™: An Artist Makes a Monument to Cancer Survivors https://t.co/K6m4Ht0XA2,100
